############################################################
# CONFIG r1_n64   |  r=1 lanes (2 mul + 1 add each)  |  n=64 (label only)
# streaming 768 columns x 1 lanes = 768 elements of a*b + c*d
# operands: 64-value tile reused 12x; rotations a+0 b+17 c+34 d+51
# expected: 772 cycles, first result at cycle 4
############################################################

>>> INPUT  SENT   | cyc=1 | $time=20 | column 0 of 768
      lane=0  elem=0  (tile 0)   a=441a  b=4320  c=c415  d=42b7

>>> INPUT  SENT   | cyc=2 | $time=30 | column 1 of 768
      lane=0  elem=1  (tile 1)   a=444c  b=c36c  c=c35d  d=4372

>>> INPUT  SENT   | cyc=3 | $time=40 | column 2 of 768
      lane=0  elem=2  (tile 2)   a=c437  b=c2ec  c=444e  d=444e

>>> INPUT  SENT   | cyc=4 | $time=50 | column 3 of 768
      lane=0  elem=3  (tile 3)   a=4383  b=43f8  c=4447  d=c3f0

<<< OUTPUT READY  | cyc=4 | $time=50 | column 0 of 768
      lane=0  elem=0  (tile 0)   result=472c   expected=472c   OK
+---------------------------------------------------------------
| SPOT CHECK  elem=0  (tile idx 0)   col=0  lane=0  cyc=4
|    a = 441a     b = 4320
|    c = c415     d = 42b7
|    a*b       = 47c0
|    c*d       = c755
|    a*b + c*d = 472c   <- reference
|    DUT result= 472c   OK
+---------------------------------------------------------------

>>> INPUT  SENT   | cyc=5 | $time=60 | column 4 of 768
      lane=0  elem=4  (tile 4)   a=c41e  b=c41c  c=c381  d=4403

<<< OUTPUT READY  | cyc=5 | $time=60 | column 1 of 768
      lane=0  elem=1  (tile 1)   result=c870   expected=c870   OK

>>> INPUT  SENT   | cyc=6 | $time=70 | column 5 of 768
      lane=0  elem=5  (tile 5)   a=42ee  b=4399  c=4455  d=c16f

<<< OUTPUT READY  | cyc=6 | $time=70 | column 2 of 768
      lane=0  elem=2  (tile 2)   result=493a   expected=493a   OK

>>> INPUT  SENT   | cyc=7 | $time=80 | column 6 of 768
      lane=0  elem=6  (tile 6)   a=42fd  b=4448  c=c32b  d=43eb

<<< OUTPUT READY  | cyc=7 | $time=80 | column 3 of 768
      lane=0  elem=3  (tile 3)   result=c876   expected=c876   OK

>>> INPUT  SENT   | cyc=8 | $time=90 | column 7 of 768
      lane=0  elem=7  (tile 7)   a=442a  b=c425  c=4402  d=445e

<<< OUTPUT READY  | cyc=8 | $time=90 | column 4 of 768
      lane=0  elem=4  (tile 4)   result=487c   expected=487c   OK

>>> INPUT  SENT   | cyc=9 | $time=100 | column 8 of 768
      lane=0  elem=8  (tile 8)   a=43cc  b=c405  c=c46e  d=413e

<<< OUTPUT READY  | cyc=9 | $time=100 | column 5 of 768
      lane=0  elem=5  (tile 5)   result=46ba   expected=46ba   OK

>>> INPUT  SENT   | cyc=10 | $time=110 | column 9 of 768
      lane=0  elem=9  (tile 9)   a=4461  b=c386  c=c3a5  d=4475

<<< OUTPUT READY  | cyc=10 | $time=110 | column 6 of 768
      lane=0  elem=6  (tile 6)   result=46a4   expected=46a4   OK

>>> INPUT  SENT   | cyc=11 | $time=120 | column 10 of 768
      lane=0  elem=10  (tile 10)   a=c3da  b=c435  c=c40d  d=c3e9

<<< OUTPUT READY  | cyc=11 | $time=120 | column 7 of 768
      lane=0  elem=7  (tile 7)   result=4640   expected=4640   OK

>>> INPUT  SENT   | cyc=12 | $time=130 | column 11 of 768
      lane=0  elem=11  (tile 11)   a=c31f  b=4375  c=4447  d=c478

<<< OUTPUT READY  | cyc=12 | $time=130 | column 8 of 768
      lane=0  elem=8  (tile 8)   result=c85e   expected=c85e   OK

>>> INPUT  SENT   | cyc=13 | $time=140 | column 12 of 768
      lane=0  elem=12  (tile 12)   a=438e  b=c401  c=4444  d=c330

<<< OUTPUT READY  | cyc=13 | $time=140 | column 9 of 768
      lane=0  elem=9  (tile 9)   result=c909   expected=c909   OK

>>> INPUT  SENT   | cyc=14 | $time=150 | column 13 of 768
      lane=0  elem=13  (tile 13)   a=4207  b=443a  c=c3fe  d=441a

<<< OUTPUT READY  | cyc=14 | $time=150 | column 10 of 768
      lane=0  elem=10  (tile 10)   result=490d   expected=490d   OK

>>> INPUT  SENT   | cyc=15 | $time=160 | column 14 of 768
      lane=0  elem=14  (tile 14)   a=c3d0  b=43dd  c=c41f  d=444c

<<< OUTPUT READY  | cyc=15 | $time=160 | column 11 of 768
      lane=0  elem=11  (tile 11)   result=c949   expected=c949   OK

>>> INPUT  SENT   | cyc=16 | $time=170 | column 15 of 768
      lane=0  elem=15  (tile 15)   a=c293  b=43a8  c=42fa  d=c437

<<< OUTPUT READY  | cyc=16 | $time=170 | column 12 of 768
      lane=0  elem=12  (tile 12)   result=c88a   expected=c88a   OK

>>> INPUT  SENT   | cyc=17 | $time=180 | column 16 of 768
      lane=0  elem=16  (tile 16)   a=442e  b=4321  c=43ca  d=4383

<<< OUTPUT READY  | cyc=17 | $time=180 | column 13 of 768
      lane=0  elem=13  (tile 13)   result=c88c   expected=c88c   OK
+---------------------------------------------------------------
| SPOT CHECK  elem=13  (tile idx 13)   col=13  lane=0  cyc=17
|    a = 4207     b = 443a
|    c = c3fe     d = 441a
|    a*b       = 46c4
|    c*d       = c898
|    a*b + c*d = c88c   <- reference
|    DUT result= c88c   OK
+---------------------------------------------------------------

>>> INPUT  SENT   | cyc=18 | $time=190 | column 17 of 768
      lane=0  elem=17  (tile 17)   a=4320  b=c415  c=42b7  d=c41e

<<< OUTPUT READY  | cyc=18 | $time=190 | column 14 of 768
      lane=0  elem=14  (tile 14)   result=c92b   expected=c92b   OK

>>> INPUT  SENT   | cyc=19 | $time=200 | column 18 of 768
      lane=0  elem=18  (tile 18)   a=c36c  b=c35d  c=4372  d=42ee

<<< OUTPUT READY  | cyc=19 | $time=200 | column 15 of 768
      lane=0  elem=15  (tile 15)   result=c7e2   expected=c7e2   OK

>>> INPUT  SENT   | cyc=20 | $time=210 | column 19 of 768
      lane=0  elem=19  (tile 19)   a=c2ec  b=444e  c=444e  d=42fd

<<< OUTPUT READY  | cyc=20 | $time=210 | column 16 of 768
      lane=0  elem=16  (tile 16)   result=4854   expected=4854   OK

>>> INPUT  SENT   | cyc=21 | $time=220 | column 20 of 768
      lane=0  elem=20  (tile 20)   a=43f8  b=4447  c=c3f0  d=442a

<<< OUTPUT READY  | cyc=21 | $time=220 | column 17 of 768
      lane=0  elem=17  (tile 17)   result=c815   expected=c815   OK

>>> INPUT  SENT   | cyc=22 | $time=230 | column 21 of 768
      lane=0  elem=21  (tile 21)   a=c41c  b=c381  c=4403  d=43cc

<<< OUTPUT READY  | cyc=22 | $time=230 | column 18 of 768
      lane=0  elem=18  (tile 18)   result=479d   expected=479d   OK

>>> INPUT  SENT   | cyc=23 | $time=240 | column 22 of 768
      lane=0  elem=22  (tile 22)   a=4399  b=4455  c=c16f  d=4461

<<< OUTPUT READY  | cyc=23 | $time=240 | column 19 of 768
      lane=0  elem=19  (tile 19)   result=45e0   expected=45e0   OK

>>> INPUT  SENT   | cyc=24 | $time=250 | column 23 of 768
      lane=0  elem=23  (tile 23)   a=4448  b=c32b  c=43eb  d=c3da

<<< OUTPUT READY  | cyc=24 | $time=250 | column 20 of 768
      lane=0  elem=20  (tile 20)   result=4784   expected=4784   OK

>>> INPUT  SENT   | cyc=25 | $time=260 | column 24 of 768
      lane=0  elem=24  (tile 24)   a=c425  b=4402  c=445e  d=c31f

<<< OUTPUT READY  | cyc=25 | $time=260 | column 21 of 768
      lane=0  elem=21  (tile 21)   result=48b6   expected=48b6   OK

>>> INPUT  SENT   | cyc=26 | $time=270 | column 25 of 768
      lane=0  elem=25  (tile 25)   a=c405  b=c46e  c=413e  d=438e

<<< OUTPUT READY  | cyc=26 | $time=270 | column 22 of 768
      lane=0  elem=22  (tile 22)   result=4871   expected=4871   OK

>>> INPUT  SENT   | cyc=27 | $time=280 | column 26 of 768
      lane=0  elem=26  (tile 26)   a=c386  b=c3a5  c=4475  d=4207

<<< OUTPUT READY  | cyc=27 | $time=280 | column 23 of 768
      lane=0  elem=23  (tile 23)   result=c8a6   expected=c8a6   OK

>>> INPUT  SENT   | cyc=28 | $time=290 | column 27 of 768
      lane=0  elem=27  (tile 27)   a=c435  b=c40d  c=c3e9  d=c3d0

<<< OUTPUT READY  | cyc=28 | $time=290 | column 24 of 768
      lane=0  elem=24  (tile 24)   result=c8eb   expected=c8eb   OK

>>> INPUT  SENT   | cyc=29 | $time=300 | column 28 of 768
      lane=0  elem=28  (tile 28)   a=4375  b=4447  c=c478  d=c293

<<< OUTPUT READY  | cyc=29 | $time=300 | column 25 of 768
      lane=0  elem=25  (tile 25)   result=48f8   expected=48f8   OK

>>> INPUT  SENT   | cyc=30 | $time=310 | column 29 of 768
      lane=0  elem=29  (tile 29)   a=c401  b=4444  c=c330  d=442e

<<< OUTPUT READY  | cyc=30 | $time=310 | column 26 of 768
      lane=0  elem=26  (tile 26)   result=47ec   expected=47ec   OK

>>> INPUT  SENT   | cyc=31 | $time=320 | column 30 of 768
      lane=0  elem=30  (tile 30)   a=443a  b=c3fe  c=441a  d=4320

<<< OUTPUT READY  | cyc=31 | $time=320 | column 27 of 768
      lane=0  elem=27  (tile 27)   result=4912   expected=4912   OK

>>> INPUT  SENT   | cyc=32 | $time=330 | column 31 of 768
      lane=0  elem=31  (tile 31)   a=43dd  b=c41f  c=444c  d=c36c

<<< OUTPUT READY  | cyc=32 | $time=330 | column 28 of 768
      lane=0  elem=28  (tile 28)   result=4882   expected=4882   OK

>>> INPUT  SENT   | cyc=33 | $time=340 | column 32 of 768
      lane=0  elem=32  (tile 32)   a=43a8  b=42fa  c=c437  d=c2ec

<<< OUTPUT READY  | cyc=33 | $time=340 | column 29 of 768
      lane=0  elem=29  (tile 29)   result=c900   expected=c900   OK

>>> INPUT  SENT   | cyc=34 | $time=350 | column 33 of 768
      lane=0  elem=33  (tile 33)   a=4321  b=43ca  c=4383  d=43f8

<<< OUTPUT READY  | cyc=34 | $time=350 | column 30 of 768
      lane=0  elem=30  (tile 30)   result=c888   expected=c888   OK

>>> INPUT  SENT   | cyc=35 | $time=360 | column 34 of 768
      lane=0  elem=34  (tile 34)   a=c415  b=42b7  c=c41e  d=c41c

<<< OUTPUT READY  | cyc=35 | $time=360 | column 31 of 768
      lane=0  elem=31  (tile 31)   result=c8e7   expected=c8e7   OK

>>> INPUT  SENT   | cyc=36 | $time=370 | column 35 of 768
      lane=0  elem=35  (tile 35)   a=c35d  b=4372  c=42ee  d=4399

<<< OUTPUT READY  | cyc=36 | $time=370 | column 32 of 768
      lane=0  elem=32  (tile 32)   result=47fa   expected=47fa   OK

>>> INPUT  SENT   | cyc=37 | $time=380 | column 36 of 768
      lane=0  elem=36  (tile 36)   a=444e  b=444e  c=42fd  d=4448

<<< OUTPUT READY  | cyc=37 | $time=380 | column 33 of 768
      lane=0  elem=33  (tile 33)   result=483e   expected=483e   OK

>>> INPUT  SENT   | cyc=38 | $time=390 | column 37 of 768
      lane=0  elem=37  (tile 37)   a=4447  b=c3f0  c=442a  d=c425

<<< OUTPUT READY  | cyc=38 | $time=390 | column 34 of 768
      lane=0  elem=34  (tile 34)   result=48a6   expected=48a6   OK

>>> INPUT  SENT   | cyc=39 | $time=400 | column 38 of 768
      lane=0  elem=38  (tile 38)   a=c381  b=4403  c=43cc  d=c405

<<< OUTPUT READY  | cyc=39 | $time=400 | column 35 of 768
      lane=0  elem=35  (tile 35)   result=c684   expected=c684   OK

>>> INPUT  SENT   | cyc=40 | $time=410 | column 39 of 768
      lane=0  elem=39  (tile 39)   a=4455  b=c16f  c=4461  d=c386

<<< OUTPUT READY  | cyc=40 | $time=410 | column 36 of 768
      lane=0  elem=36  (tile 36)   result=493d   expected=493d   OK

>>> INPUT  SENT   | cyc=41 | $time=420 | column 40 of 768
      lane=0  elem=40  (tile 40)   a=c32b  b=43eb  c=c3da  d=c435

<<< OUTPUT READY  | cyc=41 | $time=420 | column 37 of 768
      lane=0  elem=37  (tile 37)   result=c94a   expected=c94a   OK

>>> INPUT  SENT   | cyc=42 | $time=430 | column 41 of 768
      lane=0  elem=41  (tile 41)   a=4402  b=445e  c=c31f  d=4375

<<< OUTPUT READY  | cyc=42 | $time=430 | column 38 of 768
      lane=0  elem=38  (tile 38)   result=c8ab   expected=c8ab   OK

>>> INPUT  SENT   | cyc=43 | $time=440 | column 42 of 768
      lane=0  elem=42  (tile 42)   a=c46e  b=413e  c=438e  d=c401

<<< OUTPUT READY  | cyc=43 | $time=440 | column 39 of 768
      lane=0  elem=39  (tile 39)   result=c877   expected=c877   OK

>>> INPUT  SENT   | cyc=44 | $time=450 | column 43 of 768
      lane=0  elem=43  (tile 43)   a=c3a5  b=4475  c=4207  d=443a

<<< OUTPUT READY  | cyc=44 | $time=450 | column 40 of 768
      lane=0  elem=40  (tile 40)   result=4866   expected=4866   OK

>>> INPUT  SENT   | cyc=45 | $time=460 | column 44 of 768
      lane=0  elem=44  (tile 44)   a=c40d  b=c3e9  c=c3d0  d=43dd

<<< OUTPUT READY  | cyc=45 | $time=460 | column 41 of 768
      lane=0  elem=41  (tile 41)   result=48ce   expected=48ce   OK

>>> INPUT  SENT   | cyc=46 | $time=470 | column 45 of 768
      lane=0  elem=45  (tile 45)   a=4447  b=c478  c=c293  d=43a8

<<< OUTPUT READY  | cyc=46 | $time=470 | column 42 of 768
      lane=0  elem=42  (tile 42)   result=c81a   expected=c81a   OK

>>> INPUT  SENT   | cyc=47 | $time=480 | column 46 of 768
      lane=0  elem=46  (tile 46)   a=4444  b=c330  c=442e  d=4321

<<< OUTPUT READY  | cyc=47 | $time=480 | column 43 of 768
      lane=0  elem=43  (tile 43)   result=c891   expected=c891   OK

>>> INPUT  SENT   | cyc=48 | $time=490 | column 47 of 768
      lane=0  elem=47  (tile 47)   a=c3fe  b=441a  c=4320  d=c415

<<< OUTPUT READY  | cyc=48 | $time=490 | column 44 of 768
      lane=0  elem=44  (tile 44)   result=479c   expected=479c   OK

>>> INPUT  SENT   | cyc=49 | $time=500 | column 48 of 768
      lane=0  elem=48  (tile 48)   a=c41f  b=444c  c=c36c  d=c35d

<<< OUTPUT READY  | cyc=49 | $time=500 | column 45 of 768
      lane=0  elem=45  (tile 45)   result=c946   expected=c946   OK
+---------------------------------------------------------------
| SPOT CHECK  elem=45  (tile idx 45)   col=45  lane=0  cyc=49
|    a = 4447     b = c478
|    c = c293     d = 43a8
|    a*b       = c940
|    c*d       = c6c0
|    a*b + c*d = c946   <- reference
|    DUT result= c946   OK
+---------------------------------------------------------------

>>> INPUT  SENT   | cyc=50 | $time=510 | column 49 of 768
      lane=0  elem=49  (tile 49)   a=42fa  b=c437  c=c2ec  d=444e

<<< OUTPUT READY  | cyc=50 | $time=510 | column 46 of 768
      lane=0  elem=46  (tile 46)   result=c6c8   expected=c6c8   OK

>>> INPUT  SENT   | cyc=51 | $time=520 | column 50 of 768
      lane=0  elem=50  (tile 50)   a=43ca  b=4383  c=43f8  d=4447

<<< OUTPUT READY  | cyc=51 | $time=520 | column 47 of 768
      lane=0  elem=47  (tile 47)   result=c8c6   expected=c8c6   OK

>>> INPUT  SENT   | cyc=52 | $time=530 | column 51 of 768
      lane=0  elem=51  (tile 51)   a=42b7  b=c41e  c=c41c  d=c381

<<< OUTPUT READY  | cyc=52 | $time=530 | column 48 of 768
      lane=0  elem=48  (tile 48)   result=c8e4   expected=c8e4   OK

>>> INPUT  SENT   | cyc=53 | $time=540 | column 52 of 768
      lane=0  elem=52  (tile 52)   a=4372  b=42ee  c=4399  d=4455

<<< OUTPUT READY  | cyc=53 | $time=540 | column 49 of 768
      lane=0  elem=49  (tile 49)   result=c837   expected=c837   OK

>>> INPUT  SENT   | cyc=54 | $time=550 | column 53 of 768
      lane=0  elem=53  (tile 53)   a=444e  b=42fd  c=4448  d=c32b

<<< OUTPUT READY  | cyc=54 | $time=550 | column 50 of 768
      lane=0  elem=50  (tile 50)   result=48f3   expected=48f3   OK

>>> INPUT  SENT   | cyc=55 | $time=560 | column 54 of 768
      lane=0  elem=54  (tile 54)   a=c3f0  b=442a  c=c425  d=4402

<<< OUTPUT READY  | cyc=55 | $time=560 | column 51 of 768
      lane=0  elem=51  (tile 51)   result=47ca   expected=47ca   OK

>>> INPUT  SENT   | cyc=56 | $time=570 | column 55 of 768
      lane=0  elem=55  (tile 55)   a=4403  b=43cc  c=c405  d=c46e

<<< OUTPUT READY  | cyc=56 | $time=570 | column 52 of 768
      lane=0  elem=52  (tile 52)   result=488d   expected=488d   OK

>>> INPUT  SENT   | cyc=57 | $time=580 | column 56 of 768
      lane=0  elem=56  (tile 56)   a=c16f  b=4461  c=c386  d=c3a5

<<< OUTPUT READY  | cyc=57 | $time=580 | column 53 of 768
      lane=0  elem=53  (tile 53)   result=c700   expected=c700   OK

>>> INPUT  SENT   | cyc=58 | $time=590 | column 57 of 768
      lane=0  elem=57  (tile 57)   a=43eb  b=c3da  c=c435  d=c40d

<<< OUTPUT READY  | cyc=58 | $time=590 | column 54 of 768
      lane=0  elem=54  (tile 54)   result=c923   expected=c923   OK

>>> INPUT  SENT   | cyc=59 | $time=600 | column 58 of 768
      lane=0  elem=58  (tile 58)   a=445e  b=c31f  c=4375  d=4447

<<< OUTPUT READY  | cyc=59 | $time=600 | column 55 of 768
      lane=0  elem=55  (tile 55)   result=492f   expected=492f   OK

>>> INPUT  SENT   | cyc=60 | $time=610 | column 59 of 768
      lane=0  elem=59  (tile 59)   a=413e  b=438e  c=c401  d=4444

<<< OUTPUT READY  | cyc=60 | $time=610 | column 56 of 768
      lane=0  elem=56  (tile 56)   result=4792   expected=4792   OK

>>> INPUT  SENT   | cyc=61 | $time=620 | column 60 of 768
      lane=0  elem=60  (tile 60)   a=4475  b=4207  c=443a  d=c3fe

<<< OUTPUT READY  | cyc=61 | $time=620 | column 57 of 768
      lane=0  elem=57  (tile 57)   result=4846   expected=4846   OK

>>> INPUT  SENT   | cyc=62 | $time=630 | column 61 of 768
      lane=0  elem=61  (tile 61)   a=c3e9  b=c3d0  c=43dd  d=c41f

<<< OUTPUT READY  | cyc=62 | $time=630 | column 58 of 768
      lane=0  elem=58  (tile 58)   result=4754   expected=4754   OK

>>> INPUT  SENT   | cyc=63 | $time=640 | column 62 of 768
      lane=0  elem=62  (tile 62)   a=c478  b=c293  c=43a8  d=42fa

<<< OUTPUT READY  | cyc=63 | $time=640 | column 59 of 768
      lane=0  elem=59  (tile 59)   result=c8c4   expected=c8c4   OK

>>> INPUT  SENT   | cyc=64 | $time=650 | column 63 of 768
      lane=0  elem=63  (tile 63)   a=c330  b=442e  c=4321  d=43ca

<<< OUTPUT READY  | cyc=64 | $time=650 | column 60 of 768
      lane=0  elem=60  (tile 60)   result=c8a8   expected=c8a8   OK

>>> INPUT  SENT   | cyc=65 | $time=660 | column 64 of 768
      lane=0  elem=64  (tile 0)   a=441a  b=4320  c=c415  d=42b7

<<< OUTPUT READY  | cyc=65 | $time=660 | column 61 of 768
      lane=0  elem=61  (tile 61)   result=c7ac   expected=c7ac   OK

>>> INPUT  SENT   | cyc=66 | $time=670 | column 65 of 768
      lane=0  elem=65  (tile 1)   a=444c  b=c36c  c=c35d  d=4372

<<< OUTPUT READY  | cyc=66 | $time=670 | column 62 of 768
      lane=0  elem=62  (tile 62)   result=47e0   expected=47e0   OK

>>> INPUT  SENT   | cyc=67 | $time=680 | column 66 of 768
      lane=0  elem=66  (tile 2)   a=c437  b=c2ec  c=444e  d=444e

<<< OUTPUT READY  | cyc=67 | $time=680 | column 63 of 768
      lane=0  elem=63  (tile 63)   result=c760   expected=c760   OK
+---------------------------------------------------------------
| SPOT CHECK  elem=63  (tile idx 63)   col=63  lane=0  cyc=67
|    a = c330     b = 442e
|    c = 4321     d = 43ca
|    a*b       = c7ef
|    c*d       = 477e
|    a*b + c*d = c760   <- reference
|    DUT result= c760   OK
+---------------------------------------------------------------

>>> INPUT  SENT   | cyc=68 | $time=690 | column 67 of 768
      lane=0  elem=67  (tile 3)   a=4383  b=43f8  c=4447  d=c3f0

<<< OUTPUT READY  | cyc=68 | $time=690 | column 64 of 768
      lane=0  elem=64  (tile 0)   result=472c   expected=472c   OK
+---------------------------------------------------------------
| SPOT CHECK  elem=64  (tile idx 0)   col=64  lane=0  cyc=68
|    a = 441a     b = 4320
|    c = c415     d = 42b7
|    a*b       = 47c0
|    c*d       = c755
|    a*b + c*d = 472c   <- reference
|    DUT result= 472c   OK
+---------------------------------------------------------------

>>> INPUT  SENT   | cyc=69 | $time=700 | column 68 of 768
      lane=0  elem=68  (tile 4)   a=c41e  b=c41c  c=c381  d=4403

<<< OUTPUT READY  | cyc=69 | $time=700 | column 65 of 768
      lane=0  elem=65  (tile 1)   result=c870   expected=c870   OK

>>> INPUT  SENT   | cyc=70 | $time=710 | column 69 of 768
      lane=0  elem=69  (tile 5)   a=42ee  b=4399  c=4455  d=c16f

<<< OUTPUT READY  | cyc=70 | $time=710 | column 66 of 768
      lane=0  elem=66  (tile 2)   result=493a   expected=493a   OK

>>> INPUT  SENT   | cyc=71 | $time=720 | column 70 of 768
      lane=0  elem=70  (tile 6)   a=42fd  b=4448  c=c32b  d=43eb

<<< OUTPUT READY  | cyc=71 | $time=720 | column 67 of 768
      lane=0  elem=67  (tile 3)   result=c876   expected=c876   OK

>>> INPUT  SENT   | cyc=72 | $time=730 | column 71 of 768
      lane=0  elem=71  (tile 7)   a=442a  b=c425  c=4402  d=445e

<<< OUTPUT READY  | cyc=72 | $time=730 | column 68 of 768
      lane=0  elem=68  (tile 4)   result=487c   expected=487c   OK

>>> INPUT  SENT   | cyc=73 | $time=740 | column 72 of 768
      lane=0  elem=72  (tile 8)   a=43cc  b=c405  c=c46e  d=413e

<<< OUTPUT READY  | cyc=73 | $time=740 | column 69 of 768
      lane=0  elem=69  (tile 5)   result=46ba   expected=46ba   OK

>>> INPUT  SENT   | cyc=74 | $time=750 | column 73 of 768
      lane=0  elem=73  (tile 9)   a=4461  b=c386  c=c3a5  d=4475

<<< OUTPUT READY  | cyc=74 | $time=750 | column 70 of 768
      lane=0  elem=70  (tile 6)   result=46a4   expected=46a4   OK

>>> INPUT  SENT   | cyc=75 | $time=760 | column 74 of 768
      lane=0  elem=74  (tile 10)   a=c3da  b=c435  c=c40d  d=c3e9

<<< OUTPUT READY  | cyc=75 | $time=760 | column 71 of 768
      lane=0  elem=71  (tile 7)   result=4640   expected=4640   OK

>>> INPUT  SENT   | cyc=76 | $time=770 | column 75 of 768
      lane=0  elem=75  (tile 11)   a=c31f  b=4375  c=4447  d=c478

<<< OUTPUT READY  | cyc=76 | $time=770 | column 72 of 768
      lane=0  elem=72  (tile 8)   result=c85e   expected=c85e   OK

>>> INPUT  SENT   | cyc=77 | $time=780 | column 76 of 768
      lane=0  elem=76  (tile 12)   a=438e  b=c401  c=4444  d=c330

<<< OUTPUT READY  | cyc=77 | $time=780 | column 73 of 768
      lane=0  elem=73  (tile 9)   result=c909   expected=c909   OK

>>> INPUT  SENT   | cyc=78 | $time=790 | column 77 of 768
      lane=0  elem=77  (tile 13)   a=4207  b=443a  c=c3fe  d=441a

<<< OUTPUT READY  | cyc=78 | $time=790 | column 74 of 768
      lane=0  elem=74  (tile 10)   result=490d   expected=490d   OK

>>> INPUT  SENT   | cyc=79 | $time=800 | column 78 of 768
      lane=0  elem=78  (tile 14)   a=c3d0  b=43dd  c=c41f  d=444c

<<< OUTPUT READY  | cyc=79 | $time=800 | column 75 of 768
      lane=0  elem=75  (tile 11)   result=c949   expected=c949   OK

>>> INPUT  SENT   | cyc=80 | $time=810 | column 79 of 768
      lane=0  elem=79  (tile 15)   a=c293  b=43a8  c=42fa  d=c437

<<< OUTPUT READY  | cyc=80 | $time=810 | column 76 of 768
      lane=0  elem=76  (tile 12)   result=c88a   expected=c88a   OK

>>> INPUT  SENT   | cyc=81 | $time=820 | column 80 of 768
      lane=0  elem=80  (tile 16)   a=442e  b=4321  c=43ca  d=4383

<<< OUTPUT READY  | cyc=81 | $time=820 | column 77 of 768
      lane=0  elem=77  (tile 13)   result=c88c   expected=c88c   OK

>>> INPUT  SENT   | cyc=82 | $time=830 | column 81 of 768
      lane=0  elem=81  (tile 17)   a=4320  b=c415  c=42b7  d=c41e

<<< OUTPUT READY  | cyc=82 | $time=830 | column 78 of 768
      lane=0  elem=78  (tile 14)   result=c92b   expected=c92b   OK

>>> INPUT  SENT   | cyc=83 | $time=840 | column 82 of 768
      lane=0  elem=82  (tile 18)   a=c36c  b=c35d  c=4372  d=42ee

<<< OUTPUT READY  | cyc=83 | $time=840 | column 79 of 768
      lane=0  elem=79  (tile 15)   result=c7e2   expected=c7e2   OK

>>> INPUT  SENT   | cyc=84 | $time=850 | column 83 of 768
      lane=0  elem=83  (tile 19)   a=c2ec  b=444e  c=444e  d=42fd

<<< OUTPUT READY  | cyc=84 | $time=850 | column 80 of 768
      lane=0  elem=80  (tile 16)   result=4854   expected=4854   OK

>>> INPUT  SENT   | cyc=85 | $time=860 | column 84 of 768
      lane=0  elem=84  (tile 20)   a=43f8  b=4447  c=c3f0  d=442a

<<< OUTPUT READY  | cyc=85 | $time=860 | column 81 of 768
      lane=0  elem=81  (tile 17)   result=c815   expected=c815   OK

>>> INPUT  SENT   | cyc=86 | $time=870 | column 85 of 768
      lane=0  elem=85  (tile 21)   a=c41c  b=c381  c=4403  d=43cc

<<< OUTPUT READY  | cyc=86 | $time=870 | column 82 of 768
      lane=0  elem=82  (tile 18)   result=479d   expected=479d   OK

>>> INPUT  SENT   | cyc=87 | $time=880 | column 86 of 768
      lane=0  elem=86  (tile 22)   a=4399  b=4455  c=c16f  d=4461

<<< OUTPUT READY  | cyc=87 | $time=880 | column 83 of 768
      lane=0  elem=83  (tile 19)   result=45e0   expected=45e0   OK

>>> INPUT  SENT   | cyc=88 | $time=890 | column 87 of 768
      lane=0  elem=87  (tile 23)   a=4448  b=c32b  c=43eb  d=c3da

<<< OUTPUT READY  | cyc=88 | $time=890 | column 84 of 768
      lane=0  elem=84  (tile 20)   result=4784   expected=4784   OK

>>> INPUT  SENT   | cyc=89 | $time=900 | column 88 of 768
      lane=0  elem=88  (tile 24)   a=c425  b=4402  c=445e  d=c31f

<<< OUTPUT READY  | cyc=89 | $time=900 | column 85 of 768
      lane=0  elem=85  (tile 21)   result=48b6   expected=48b6   OK

>>> INPUT  SENT   | cyc=90 | $time=910 | column 89 of 768
      lane=0  elem=89  (tile 25)   a=c405  b=c46e  c=413e  d=438e

<<< OUTPUT READY  | cyc=90 | $time=910 | column 86 of 768
      lane=0  elem=86  (tile 22)   result=4871   expected=4871   OK

>>> INPUT  SENT   | cyc=91 | $time=920 | column 90 of 768
      lane=0  elem=90  (tile 26)   a=c386  b=c3a5  c=4475  d=4207

<<< OUTPUT READY  | cyc=91 | $time=920 | column 87 of 768
      lane=0  elem=87  (tile 23)   result=c8a6   expected=c8a6   OK

>>> INPUT  SENT   | cyc=92 | $time=930 | column 91 of 768
      lane=0  elem=91  (tile 27)   a=c435  b=c40d  c=c3e9  d=c3d0

<<< OUTPUT READY  | cyc=92 | $time=930 | column 88 of 768
      lane=0  elem=88  (tile 24)   result=c8eb   expected=c8eb   OK

>>> INPUT  SENT   | cyc=93 | $time=940 | column 92 of 768
      lane=0  elem=92  (tile 28)   a=4375  b=4447  c=c478  d=c293

<<< OUTPUT READY  | cyc=93 | $time=940 | column 89 of 768
      lane=0  elem=89  (tile 25)   result=48f8   expected=48f8   OK

>>> INPUT  SENT   | cyc=94 | $time=950 | column 93 of 768
      lane=0  elem=93  (tile 29)   a=c401  b=4444  c=c330  d=442e

<<< OUTPUT READY  | cyc=94 | $time=950 | column 90 of 768
      lane=0  elem=90  (tile 26)   result=47ec   expected=47ec   OK

>>> INPUT  SENT   | cyc=95 | $time=960 | column 94 of 768
      lane=0  elem=94  (tile 30)   a=443a  b=c3fe  c=441a  d=4320

<<< OUTPUT READY  | cyc=95 | $time=960 | column 91 of 768
      lane=0  elem=91  (tile 27)   result=4912   expected=4912   OK

>>> INPUT  SENT   | cyc=96 | $time=970 | column 95 of 768
      lane=0  elem=95  (tile 31)   a=43dd  b=c41f  c=444c  d=c36c

<<< OUTPUT READY  | cyc=96 | $time=970 | column 92 of 768
      lane=0  elem=92  (tile 28)   result=4882   expected=4882   OK

>>> INPUT  SENT   | cyc=97 | $time=980 | column 96 of 768
      lane=0  elem=96  (tile 32)   a=43a8  b=42fa  c=c437  d=c2ec

<<< OUTPUT READY  | cyc=97 | $time=980 | column 93 of 768
      lane=0  elem=93  (tile 29)   result=c900   expected=c900   OK

>>> INPUT  SENT   | cyc=98 | $time=990 | column 97 of 768
      lane=0  elem=97  (tile 33)   a=4321  b=43ca  c=4383  d=43f8

<<< OUTPUT READY  | cyc=98 | $time=990 | column 94 of 768
      lane=0  elem=94  (tile 30)   result=c888   expected=c888   OK

>>> INPUT  SENT   | cyc=99 | $time=1000 | column 98 of 768
      lane=0  elem=98  (tile 34)   a=c415  b=42b7  c=c41e  d=c41c

<<< OUTPUT READY  | cyc=99 | $time=1000 | column 95 of 768
      lane=0  elem=95  (tile 31)   result=c8e7   expected=c8e7   OK

>>> INPUT  SENT   | cyc=100 | $time=1010 | column 99 of 768
      lane=0  elem=99  (tile 35)   a=c35d  b=4372  c=42ee  d=4399

<<< OUTPUT READY  | cyc=100 | $time=1010 | column 96 of 768
      lane=0  elem=96  (tile 32)   result=47fa   expected=47fa   OK

>>> INPUT  SENT   | cyc=101 | $time=1020 | column 100 of 768
      lane=0  elem=100  (tile 36)   a=444e  b=444e  c=42fd  d=4448

<<< OUTPUT READY  | cyc=101 | $time=1020 | column 97 of 768
      lane=0  elem=97  (tile 33)   result=483e   expected=483e   OK

>>> INPUT  SENT   | cyc=102 | $time=1030 | column 101 of 768
      lane=0  elem=101  (tile 37)   a=4447  b=c3f0  c=442a  d=c425

<<< OUTPUT READY  | cyc=102 | $time=1030 | column 98 of 768
      lane=0  elem=98  (tile 34)   result=48a6   expected=48a6   OK

>>> INPUT  SENT   | cyc=103 | $time=1040 | column 102 of 768
      lane=0  elem=102  (tile 38)   a=c381  b=4403  c=43cc  d=c405

<<< OUTPUT READY  | cyc=103 | $time=1040 | column 99 of 768
      lane=0  elem=99  (tile 35)   result=c684   expected=c684   OK

>>> INPUT  SENT   | cyc=104 | $time=1050 | column 103 of 768
      lane=0  elem=103  (tile 39)   a=4455  b=c16f  c=4461  d=c386

<<< OUTPUT READY  | cyc=104 | $time=1050 | column 100 of 768
      lane=0  elem=100  (tile 36)   result=493d   expected=493d   OK

>>> INPUT  SENT   | cyc=105 | $time=1060 | column 104 of 768
      lane=0  elem=104  (tile 40)   a=c32b  b=43eb  c=c3da  d=c435

<<< OUTPUT READY  | cyc=105 | $time=1060 | column 101 of 768
      lane=0  elem=101  (tile 37)   result=c94a   expected=c94a   OK

>>> INPUT  SENT   | cyc=106 | $time=1070 | column 105 of 768
      lane=0  elem=105  (tile 41)   a=4402  b=445e  c=c31f  d=4375

<<< OUTPUT READY  | cyc=106 | $time=1070 | column 102 of 768
      lane=0  elem=102  (tile 38)   result=c8ab   expected=c8ab   OK

>>> INPUT  SENT   | cyc=107 | $time=1080 | column 106 of 768
      lane=0  elem=106  (tile 42)   a=c46e  b=413e  c=438e  d=c401

<<< OUTPUT READY  | cyc=107 | $time=1080 | column 103 of 768
      lane=0  elem=103  (tile 39)   result=c877   expected=c877   OK

>>> INPUT  SENT   | cyc=108 | $time=1090 | column 107 of 768
      lane=0  elem=107  (tile 43)   a=c3a5  b=4475  c=4207  d=443a

<<< OUTPUT READY  | cyc=108 | $time=1090 | column 104 of 768
      lane=0  elem=104  (tile 40)   result=4866   expected=4866   OK

>>> INPUT  SENT   | cyc=109 | $time=1100 | column 108 of 768
      lane=0  elem=108  (tile 44)   a=c40d  b=c3e9  c=c3d0  d=43dd

<<< OUTPUT READY  | cyc=109 | $time=1100 | column 105 of 768
      lane=0  elem=105  (tile 41)   result=48ce   expected=48ce   OK

>>> INPUT  SENT   | cyc=110 | $time=1110 | column 109 of 768
      lane=0  elem=109  (tile 45)   a=4447  b=c478  c=c293  d=43a8

<<< OUTPUT READY  | cyc=110 | $time=1110 | column 106 of 768
      lane=0  elem=106  (tile 42)   result=c81a   expected=c81a   OK

>>> INPUT  SENT   | cyc=111 | $time=1120 | column 110 of 768
      lane=0  elem=110  (tile 46)   a=4444  b=c330  c=442e  d=4321

<<< OUTPUT READY  | cyc=111 | $time=1120 | column 107 of 768
      lane=0  elem=107  (tile 43)   result=c891   expected=c891   OK

>>> INPUT  SENT   | cyc=112 | $time=1130 | column 111 of 768
      lane=0  elem=111  (tile 47)   a=c3fe  b=441a  c=4320  d=c415

<<< OUTPUT READY  | cyc=112 | $time=1130 | column 108 of 768
      lane=0  elem=108  (tile 44)   result=479c   expected=479c   OK

>>> INPUT  SENT   | cyc=113 | $time=1140 | column 112 of 768
      lane=0  elem=112  (tile 48)   a=c41f  b=444c  c=c36c  d=c35d

<<< OUTPUT READY  | cyc=113 | $time=1140 | column 109 of 768
      lane=0  elem=109  (tile 45)   result=c946   expected=c946   OK

>>> INPUT  SENT   | cyc=114 | $time=1150 | column 113 of 768
      lane=0  elem=113  (tile 49)   a=42fa  b=c437  c=c2ec  d=444e

<<< OUTPUT READY  | cyc=114 | $time=1150 | column 110 of 768
      lane=0  elem=110  (tile 46)   result=c6c8   expected=c6c8   OK

>>> INPUT  SENT   | cyc=115 | $time=1160 | column 114 of 768
      lane=0  elem=114  (tile 50)   a=43ca  b=4383  c=43f8  d=4447

<<< OUTPUT READY  | cyc=115 | $time=1160 | column 111 of 768
      lane=0  elem=111  (tile 47)   result=c8c6   expected=c8c6   OK

>>> INPUT  SENT   | cyc=116 | $time=1170 | column 115 of 768
      lane=0  elem=115  (tile 51)   a=42b7  b=c41e  c=c41c  d=c381

<<< OUTPUT READY  | cyc=116 | $time=1170 | column 112 of 768
      lane=0  elem=112  (tile 48)   result=c8e4   expected=c8e4   OK

>>> INPUT  SENT   | cyc=117 | $time=1180 | column 116 of 768
      lane=0  elem=116  (tile 52)   a=4372  b=42ee  c=4399  d=4455

<<< OUTPUT READY  | cyc=117 | $time=1180 | column 113 of 768
      lane=0  elem=113  (tile 49)   result=c837   expected=c837   OK

>>> INPUT  SENT   | cyc=118 | $time=1190 | column 117 of 768
      lane=0  elem=117  (tile 53)   a=444e  b=42fd  c=4448  d=c32b

<<< OUTPUT READY  | cyc=118 | $time=1190 | column 114 of 768
      lane=0  elem=114  (tile 50)   result=48f3   expected=48f3   OK

>>> INPUT  SENT   | cyc=119 | $time=1200 | column 118 of 768
      lane=0  elem=118  (tile 54)   a=c3f0  b=442a  c=c425  d=4402

<<< OUTPUT READY  | cyc=119 | $time=1200 | column 115 of 768
      lane=0  elem=115  (tile 51)   result=47ca   expected=47ca   OK

>>> INPUT  SENT   | cyc=120 | $time=1210 | column 119 of 768
      lane=0  elem=119  (tile 55)   a=4403  b=43cc  c=c405  d=c46e

<<< OUTPUT READY  | cyc=120 | $time=1210 | column 116 of 768
      lane=0  elem=116  (tile 52)   result=488d   expected=488d   OK

>>> INPUT  SENT   | cyc=121 | $time=1220 | column 120 of 768
      lane=0  elem=120  (tile 56)   a=c16f  b=4461  c=c386  d=c3a5

<<< OUTPUT READY  | cyc=121 | $time=1220 | column 117 of 768
      lane=0  elem=117  (tile 53)   result=c700   expected=c700   OK

>>> INPUT  SENT   | cyc=122 | $time=1230 | column 121 of 768
      lane=0  elem=121  (tile 57)   a=43eb  b=c3da  c=c435  d=c40d

<<< OUTPUT READY  | cyc=122 | $time=1230 | column 118 of 768
      lane=0  elem=118  (tile 54)   result=c923   expected=c923   OK

>>> INPUT  SENT   | cyc=123 | $time=1240 | column 122 of 768
      lane=0  elem=122  (tile 58)   a=445e  b=c31f  c=4375  d=4447

<<< OUTPUT READY  | cyc=123 | $time=1240 | column 119 of 768
      lane=0  elem=119  (tile 55)   result=492f   expected=492f   OK

>>> INPUT  SENT   | cyc=124 | $time=1250 | column 123 of 768
      lane=0  elem=123  (tile 59)   a=413e  b=438e  c=c401  d=4444

<<< OUTPUT READY  | cyc=124 | $time=1250 | column 120 of 768
      lane=0  elem=120  (tile 56)   result=4792   expected=4792   OK

>>> INPUT  SENT   | cyc=125 | $time=1260 | column 124 of 768
      lane=0  elem=124  (tile 60)   a=4475  b=4207  c=443a  d=c3fe

<<< OUTPUT READY  | cyc=125 | $time=1260 | column 121 of 768
      lane=0  elem=121  (tile 57)   result=4846   expected=4846   OK

>>> INPUT  SENT   | cyc=126 | $time=1270 | column 125 of 768
      lane=0  elem=125  (tile 61)   a=c3e9  b=c3d0  c=43dd  d=c41f

<<< OUTPUT READY  | cyc=126 | $time=1270 | column 122 of 768
      lane=0  elem=122  (tile 58)   result=4754   expected=4754   OK

>>> INPUT  SENT   | cyc=127 | $time=1280 | column 126 of 768
      lane=0  elem=126  (tile 62)   a=c478  b=c293  c=43a8  d=42fa

<<< OUTPUT READY  | cyc=127 | $time=1280 | column 123 of 768
      lane=0  elem=123  (tile 59)   result=c8c4   expected=c8c4   OK

>>> INPUT  SENT   | cyc=128 | $time=1290 | column 127 of 768
      lane=0  elem=127  (tile 63)   a=c330  b=442e  c=4321  d=43ca

<<< OUTPUT READY  | cyc=128 | $time=1290 | column 124 of 768
      lane=0  elem=124  (tile 60)   result=c8a8   expected=c8a8   OK

>>> INPUT  SENT   | cyc=129 | $time=1300 | column 128 of 768
      lane=0  elem=128  (tile 0)   a=441a  b=4320  c=c415  d=42b7

<<< OUTPUT READY  | cyc=129 | $time=1300 | column 125 of 768
      lane=0  elem=125  (tile 61)   result=c7ac   expected=c7ac   OK

>>> INPUT  SENT   | cyc=130 | $time=1310 | column 129 of 768
      lane=0  elem=129  (tile 1)   a=444c  b=c36c  c=c35d  d=4372

<<< OUTPUT READY  | cyc=130 | $time=1310 | column 126 of 768
      lane=0  elem=126  (tile 62)   result=47e0   expected=47e0   OK

>>> INPUT  SENT   | cyc=131 | $time=1320 | column 130 of 768
      lane=0  elem=130  (tile 2)   a=c437  b=c2ec  c=444e  d=444e

<<< OUTPUT READY  | cyc=131 | $time=1320 | column 127 of 768
      lane=0  elem=127  (tile 63)   result=c760   expected=c760   OK

>>> INPUT  SENT   | cyc=132 | $time=1330 | column 131 of 768
      lane=0  elem=131  (tile 3)   a=4383  b=43f8  c=4447  d=c3f0

<<< OUTPUT READY  | cyc=132 | $time=1330 | column 128 of 768
      lane=0  elem=128  (tile 0)   result=472c   expected=472c   OK

>>> INPUT  SENT   | cyc=133 | $time=1340 | column 132 of 768
      lane=0  elem=132  (tile 4)   a=c41e  b=c41c  c=c381  d=4403

<<< OUTPUT READY  | cyc=133 | $time=1340 | column 129 of 768
      lane=0  elem=129  (tile 1)   result=c870   expected=c870   OK

>>> INPUT  SENT   | cyc=134 | $time=1350 | column 133 of 768
      lane=0  elem=133  (tile 5)   a=42ee  b=4399  c=4455  d=c16f

<<< OUTPUT READY  | cyc=134 | $time=1350 | column 130 of 768
      lane=0  elem=130  (tile 2)   result=493a   expected=493a   OK
+---------------------------------------------------------------
| SPOT CHECK  elem=130  (tile idx 2)   col=130  lane=0  cyc=134
|    a = c437     b = c2ec
|    c = 444e     d = 444e
|    a*b       = 47a8
|    c*d       = 4925
|    a*b + c*d = 493a   <- reference
|    DUT result= 493a   OK
+---------------------------------------------------------------

>>> INPUT  SENT   | cyc=135 | $time=1360 | column 134 of 768
      lane=0  elem=134  (tile 6)   a=42fd  b=4448  c=c32b  d=43eb

<<< OUTPUT READY  | cyc=135 | $time=1360 | column 131 of 768
      lane=0  elem=131  (tile 3)   result=c876   expected=c876   OK

>>> INPUT  SENT   | cyc=136 | $time=1370 | column 135 of 768
      lane=0  elem=135  (tile 7)   a=442a  b=c425  c=4402  d=445e

<<< OUTPUT READY  | cyc=136 | $time=1370 | column 132 of 768
      lane=0  elem=132  (tile 4)   result=487c   expected=487c   OK

>>> INPUT  SENT   | cyc=137 | $time=1380 | column 136 of 768
      lane=0  elem=136  (tile 8)   a=43cc  b=c405  c=c46e  d=413e

<<< OUTPUT READY  | cyc=137 | $time=1380 | column 133 of 768
      lane=0  elem=133  (tile 5)   result=46ba   expected=46ba   OK

>>> INPUT  SENT   | cyc=138 | $time=1390 | column 137 of 768
      lane=0  elem=137  (tile 9)   a=4461  b=c386  c=c3a5  d=4475

<<< OUTPUT READY  | cyc=138 | $time=1390 | column 134 of 768
      lane=0  elem=134  (tile 6)   result=46a4   expected=46a4   OK

>>> INPUT  SENT   | cyc=139 | $time=1400 | column 138 of 768
      lane=0  elem=138  (tile 10)   a=c3da  b=c435  c=c40d  d=c3e9

<<< OUTPUT READY  | cyc=139 | $time=1400 | column 135 of 768
      lane=0  elem=135  (tile 7)   result=4640   expected=4640   OK

>>> INPUT  SENT   | cyc=140 | $time=1410 | column 139 of 768
      lane=0  elem=139  (tile 11)   a=c31f  b=4375  c=4447  d=c478

<<< OUTPUT READY  | cyc=140 | $time=1410 | column 136 of 768
      lane=0  elem=136  (tile 8)   result=c85e   expected=c85e   OK

>>> INPUT  SENT   | cyc=141 | $time=1420 | column 140 of 768
      lane=0  elem=140  (tile 12)   a=438e  b=c401  c=4444  d=c330

<<< OUTPUT READY  | cyc=141 | $time=1420 | column 137 of 768
      lane=0  elem=137  (tile 9)   result=c909   expected=c909   OK

>>> INPUT  SENT   | cyc=142 | $time=1430 | column 141 of 768
      lane=0  elem=141  (tile 13)   a=4207  b=443a  c=c3fe  d=441a

<<< OUTPUT READY  | cyc=142 | $time=1430 | column 138 of 768
      lane=0  elem=138  (tile 10)   result=490d   expected=490d   OK

>>> INPUT  SENT   | cyc=143 | $time=1440 | column 142 of 768
      lane=0  elem=142  (tile 14)   a=c3d0  b=43dd  c=c41f  d=444c

<<< OUTPUT READY  | cyc=143 | $time=1440 | column 139 of 768
      lane=0  elem=139  (tile 11)   result=c949   expected=c949   OK

>>> INPUT  SENT   | cyc=144 | $time=1450 | column 143 of 768
      lane=0  elem=143  (tile 15)   a=c293  b=43a8  c=42fa  d=c437

<<< OUTPUT READY  | cyc=144 | $time=1450 | column 140 of 768
      lane=0  elem=140  (tile 12)   result=c88a   expected=c88a   OK

>>> INPUT  SENT   | cyc=145 | $time=1460 | column 144 of 768
      lane=0  elem=144  (tile 16)   a=442e  b=4321  c=43ca  d=4383

<<< OUTPUT READY  | cyc=145 | $time=1460 | column 141 of 768
      lane=0  elem=141  (tile 13)   result=c88c   expected=c88c   OK

>>> INPUT  SENT   | cyc=146 | $time=1470 | column 145 of 768
      lane=0  elem=145  (tile 17)   a=4320  b=c415  c=42b7  d=c41e

<<< OUTPUT READY  | cyc=146 | $time=1470 | column 142 of 768
      lane=0  elem=142  (tile 14)   result=c92b   expected=c92b   OK

>>> INPUT  SENT   | cyc=147 | $time=1480 | column 146 of 768
      lane=0  elem=146  (tile 18)   a=c36c  b=c35d  c=4372  d=42ee

<<< OUTPUT READY  | cyc=147 | $time=1480 | column 143 of 768
      lane=0  elem=143  (tile 15)   result=c7e2   expected=c7e2   OK

>>> INPUT  SENT   | cyc=148 | $time=1490 | column 147 of 768
      lane=0  elem=147  (tile 19)   a=c2ec  b=444e  c=444e  d=42fd

<<< OUTPUT READY  | cyc=148 | $time=1490 | column 144 of 768
      lane=0  elem=144  (tile 16)   result=4854   expected=4854   OK

>>> INPUT  SENT   | cyc=149 | $time=1500 | column 148 of 768
      lane=0  elem=148  (tile 20)   a=43f8  b=4447  c=c3f0  d=442a

<<< OUTPUT READY  | cyc=149 | $time=1500 | column 145 of 768
      lane=0  elem=145  (tile 17)   result=c815   expected=c815   OK

>>> INPUT  SENT   | cyc=150 | $time=1510 | column 149 of 768
      lane=0  elem=149  (tile 21)   a=c41c  b=c381  c=4403  d=43cc

<<< OUTPUT READY  | cyc=150 | $time=1510 | column 146 of 768
      lane=0  elem=146  (tile 18)   result=479d   expected=479d   OK

>>> INPUT  SENT   | cyc=151 | $time=1520 | column 150 of 768
      lane=0  elem=150  (tile 22)   a=4399  b=4455  c=c16f  d=4461

<<< OUTPUT READY  | cyc=151 | $time=1520 | column 147 of 768
      lane=0  elem=147  (tile 19)   result=45e0   expected=45e0   OK

>>> INPUT  SENT   | cyc=152 | $time=1530 | column 151 of 768
      lane=0  elem=151  (tile 23)   a=4448  b=c32b  c=43eb  d=c3da

<<< OUTPUT READY  | cyc=152 | $time=1530 | column 148 of 768
      lane=0  elem=148  (tile 20)   result=4784   expected=4784   OK

>>> INPUT  SENT   | cyc=153 | $time=1540 | column 152 of 768
      lane=0  elem=152  (tile 24)   a=c425  b=4402  c=445e  d=c31f

<<< OUTPUT READY  | cyc=153 | $time=1540 | column 149 of 768
      lane=0  elem=149  (tile 21)   result=48b6   expected=48b6   OK

>>> INPUT  SENT   | cyc=154 | $time=1550 | column 153 of 768
      lane=0  elem=153  (tile 25)   a=c405  b=c46e  c=413e  d=438e

<<< OUTPUT READY  | cyc=154 | $time=1550 | column 150 of 768
      lane=0  elem=150  (tile 22)   result=4871   expected=4871   OK

>>> INPUT  SENT   | cyc=155 | $time=1560 | column 154 of 768
      lane=0  elem=154  (tile 26)   a=c386  b=c3a5  c=4475  d=4207

<<< OUTPUT READY  | cyc=155 | $time=1560 | column 151 of 768
      lane=0  elem=151  (tile 23)   result=c8a6   expected=c8a6   OK

>>> INPUT  SENT   | cyc=156 | $time=1570 | column 155 of 768
      lane=0  elem=155  (tile 27)   a=c435  b=c40d  c=c3e9  d=c3d0

<<< OUTPUT READY  | cyc=156 | $time=1570 | column 152 of 768
      lane=0  elem=152  (tile 24)   result=c8eb   expected=c8eb   OK

>>> INPUT  SENT   | cyc=157 | $time=1580 | column 156 of 768
      lane=0  elem=156  (tile 28)   a=4375  b=4447  c=c478  d=c293

<<< OUTPUT READY  | cyc=157 | $time=1580 | column 153 of 768
      lane=0  elem=153  (tile 25)   result=48f8   expected=48f8   OK

>>> INPUT  SENT   | cyc=158 | $time=1590 | column 157 of 768
      lane=0  elem=157  (tile 29)   a=c401  b=4444  c=c330  d=442e

<<< OUTPUT READY  | cyc=158 | $time=1590 | column 154 of 768
      lane=0  elem=154  (tile 26)   result=47ec   expected=47ec   OK

>>> INPUT  SENT   | cyc=159 | $time=1600 | column 158 of 768
      lane=0  elem=158  (tile 30)   a=443a  b=c3fe  c=441a  d=4320

<<< OUTPUT READY  | cyc=159 | $time=1600 | column 155 of 768
      lane=0  elem=155  (tile 27)   result=4912   expected=4912   OK

>>> INPUT  SENT   | cyc=160 | $time=1610 | column 159 of 768
      lane=0  elem=159  (tile 31)   a=43dd  b=c41f  c=444c  d=c36c

<<< OUTPUT READY  | cyc=160 | $time=1610 | column 156 of 768
      lane=0  elem=156  (tile 28)   result=4882   expected=4882   OK

>>> INPUT  SENT   | cyc=161 | $time=1620 | column 160 of 768
      lane=0  elem=160  (tile 32)   a=43a8  b=42fa  c=c437  d=c2ec

<<< OUTPUT READY  | cyc=161 | $time=1620 | column 157 of 768
      lane=0  elem=157  (tile 29)   result=c900   expected=c900   OK

>>> INPUT  SENT   | cyc=162 | $time=1630 | column 161 of 768
      lane=0  elem=161  (tile 33)   a=4321  b=43ca  c=4383  d=43f8

<<< OUTPUT READY  | cyc=162 | $time=1630 | column 158 of 768
      lane=0  elem=158  (tile 30)   result=c888   expected=c888   OK

>>> INPUT  SENT   | cyc=163 | $time=1640 | column 162 of 768
      lane=0  elem=162  (tile 34)   a=c415  b=42b7  c=c41e  d=c41c

<<< OUTPUT READY  | cyc=163 | $time=1640 | column 159 of 768
      lane=0  elem=159  (tile 31)   result=c8e7   expected=c8e7   OK

>>> INPUT  SENT   | cyc=164 | $time=1650 | column 163 of 768
      lane=0  elem=163  (tile 35)   a=c35d  b=4372  c=42ee  d=4399

<<< OUTPUT READY  | cyc=164 | $time=1650 | column 160 of 768
      lane=0  elem=160  (tile 32)   result=47fa   expected=47fa   OK

>>> INPUT  SENT   | cyc=165 | $time=1660 | column 164 of 768
      lane=0  elem=164  (tile 36)   a=444e  b=444e  c=42fd  d=4448

<<< OUTPUT READY  | cyc=165 | $time=1660 | column 161 of 768
      lane=0  elem=161  (tile 33)   result=483e   expected=483e   OK

>>> INPUT  SENT   | cyc=166 | $time=1670 | column 165 of 768
      lane=0  elem=165  (tile 37)   a=4447  b=c3f0  c=442a  d=c425

<<< OUTPUT READY  | cyc=166 | $time=1670 | column 162 of 768
      lane=0  elem=162  (tile 34)   result=48a6   expected=48a6   OK

>>> INPUT  SENT   | cyc=167 | $time=1680 | column 166 of 768
      lane=0  elem=166  (tile 38)   a=c381  b=4403  c=43cc  d=c405

<<< OUTPUT READY  | cyc=167 | $time=1680 | column 163 of 768
      lane=0  elem=163  (tile 35)   result=c684   expected=c684   OK

>>> INPUT  SENT   | cyc=168 | $time=1690 | column 167 of 768
      lane=0  elem=167  (tile 39)   a=4455  b=c16f  c=4461  d=c386

<<< OUTPUT READY  | cyc=168 | $time=1690 | column 164 of 768
      lane=0  elem=164  (tile 36)   result=493d   expected=493d   OK

>>> INPUT  SENT   | cyc=169 | $time=1700 | column 168 of 768
      lane=0  elem=168  (tile 40)   a=c32b  b=43eb  c=c3da  d=c435

<<< OUTPUT READY  | cyc=169 | $time=1700 | column 165 of 768
      lane=0  elem=165  (tile 37)   result=c94a   expected=c94a   OK

>>> INPUT  SENT   | cyc=170 | $time=1710 | column 169 of 768
      lane=0  elem=169  (tile 41)   a=4402  b=445e  c=c31f  d=4375

<<< OUTPUT READY  | cyc=170 | $time=1710 | column 166 of 768
      lane=0  elem=166  (tile 38)   result=c8ab   expected=c8ab   OK

>>> INPUT  SENT   | cyc=171 | $time=1720 | column 170 of 768
      lane=0  elem=170  (tile 42)   a=c46e  b=413e  c=438e  d=c401

<<< OUTPUT READY  | cyc=171 | $time=1720 | column 167 of 768
      lane=0  elem=167  (tile 39)   result=c877   expected=c877   OK

>>> INPUT  SENT   | cyc=172 | $time=1730 | column 171 of 768
      lane=0  elem=171  (tile 43)   a=c3a5  b=4475  c=4207  d=443a

<<< OUTPUT READY  | cyc=172 | $time=1730 | column 168 of 768
      lane=0  elem=168  (tile 40)   result=4866   expected=4866   OK

>>> INPUT  SENT   | cyc=173 | $time=1740 | column 172 of 768
      lane=0  elem=172  (tile 44)   a=c40d  b=c3e9  c=c3d0  d=43dd

<<< OUTPUT READY  | cyc=173 | $time=1740 | column 169 of 768
      lane=0  elem=169  (tile 41)   result=48ce   expected=48ce   OK

>>> INPUT  SENT   | cyc=174 | $time=1750 | column 173 of 768
      lane=0  elem=173  (tile 45)   a=4447  b=c478  c=c293  d=43a8

<<< OUTPUT READY  | cyc=174 | $time=1750 | column 170 of 768
      lane=0  elem=170  (tile 42)   result=c81a   expected=c81a   OK

>>> INPUT  SENT   | cyc=175 | $time=1760 | column 174 of 768
      lane=0  elem=174  (tile 46)   a=4444  b=c330  c=442e  d=4321

<<< OUTPUT READY  | cyc=175 | $time=1760 | column 171 of 768
      lane=0  elem=171  (tile 43)   result=c891   expected=c891   OK

>>> INPUT  SENT   | cyc=176 | $time=1770 | column 175 of 768
      lane=0  elem=175  (tile 47)   a=c3fe  b=441a  c=4320  d=c415

<<< OUTPUT READY  | cyc=176 | $time=1770 | column 172 of 768
      lane=0  elem=172  (tile 44)   result=479c   expected=479c   OK

>>> INPUT  SENT   | cyc=177 | $time=1780 | column 176 of 768
      lane=0  elem=176  (tile 48)   a=c41f  b=444c  c=c36c  d=c35d

<<< OUTPUT READY  | cyc=177 | $time=1780 | column 173 of 768
      lane=0  elem=173  (tile 45)   result=c946   expected=c946   OK

>>> INPUT  SENT   | cyc=178 | $time=1790 | column 177 of 768
      lane=0  elem=177  (tile 49)   a=42fa  b=c437  c=c2ec  d=444e

<<< OUTPUT READY  | cyc=178 | $time=1790 | column 174 of 768
      lane=0  elem=174  (tile 46)   result=c6c8   expected=c6c8   OK

>>> INPUT  SENT   | cyc=179 | $time=1800 | column 178 of 768
      lane=0  elem=178  (tile 50)   a=43ca  b=4383  c=43f8  d=4447

<<< OUTPUT READY  | cyc=179 | $time=1800 | column 175 of 768
      lane=0  elem=175  (tile 47)   result=c8c6   expected=c8c6   OK

>>> INPUT  SENT   | cyc=180 | $time=1810 | column 179 of 768
      lane=0  elem=179  (tile 51)   a=42b7  b=c41e  c=c41c  d=c381

<<< OUTPUT READY  | cyc=180 | $time=1810 | column 176 of 768
      lane=0  elem=176  (tile 48)   result=c8e4   expected=c8e4   OK

>>> INPUT  SENT   | cyc=181 | $time=1820 | column 180 of 768
      lane=0  elem=180  (tile 52)   a=4372  b=42ee  c=4399  d=4455

<<< OUTPUT READY  | cyc=181 | $time=1820 | column 177 of 768
      lane=0  elem=177  (tile 49)   result=c837   expected=c837   OK

>>> INPUT  SENT   | cyc=182 | $time=1830 | column 181 of 768
      lane=0  elem=181  (tile 53)   a=444e  b=42fd  c=4448  d=c32b

<<< OUTPUT READY  | cyc=182 | $time=1830 | column 178 of 768
      lane=0  elem=178  (tile 50)   result=48f3   expected=48f3   OK

>>> INPUT  SENT   | cyc=183 | $time=1840 | column 182 of 768
      lane=0  elem=182  (tile 54)   a=c3f0  b=442a  c=c425  d=4402

<<< OUTPUT READY  | cyc=183 | $time=1840 | column 179 of 768
      lane=0  elem=179  (tile 51)   result=47ca   expected=47ca   OK

>>> INPUT  SENT   | cyc=184 | $time=1850 | column 183 of 768
      lane=0  elem=183  (tile 55)   a=4403  b=43cc  c=c405  d=c46e

<<< OUTPUT READY  | cyc=184 | $time=1850 | column 180 of 768
      lane=0  elem=180  (tile 52)   result=488d   expected=488d   OK

>>> INPUT  SENT   | cyc=185 | $time=1860 | column 184 of 768
      lane=0  elem=184  (tile 56)   a=c16f  b=4461  c=c386  d=c3a5

<<< OUTPUT READY  | cyc=185 | $time=1860 | column 181 of 768
      lane=0  elem=181  (tile 53)   result=c700   expected=c700   OK

>>> INPUT  SENT   | cyc=186 | $time=1870 | column 185 of 768
      lane=0  elem=185  (tile 57)   a=43eb  b=c3da  c=c435  d=c40d

<<< OUTPUT READY  | cyc=186 | $time=1870 | column 182 of 768
      lane=0  elem=182  (tile 54)   result=c923   expected=c923   OK

>>> INPUT  SENT   | cyc=187 | $time=1880 | column 186 of 768
      lane=0  elem=186  (tile 58)   a=445e  b=c31f  c=4375  d=4447

<<< OUTPUT READY  | cyc=187 | $time=1880 | column 183 of 768
      lane=0  elem=183  (tile 55)   result=492f   expected=492f   OK

>>> INPUT  SENT   | cyc=188 | $time=1890 | column 187 of 768
      lane=0  elem=187  (tile 59)   a=413e  b=438e  c=c401  d=4444

<<< OUTPUT READY  | cyc=188 | $time=1890 | column 184 of 768
      lane=0  elem=184  (tile 56)   result=4792   expected=4792   OK

>>> INPUT  SENT   | cyc=189 | $time=1900 | column 188 of 768
      lane=0  elem=188  (tile 60)   a=4475  b=4207  c=443a  d=c3fe

<<< OUTPUT READY  | cyc=189 | $time=1900 | column 185 of 768
      lane=0  elem=185  (tile 57)   result=4846   expected=4846   OK

>>> INPUT  SENT   | cyc=190 | $time=1910 | column 189 of 768
      lane=0  elem=189  (tile 61)   a=c3e9  b=c3d0  c=43dd  d=c41f

<<< OUTPUT READY  | cyc=190 | $time=1910 | column 186 of 768
      lane=0  elem=186  (tile 58)   result=4754   expected=4754   OK

>>> INPUT  SENT   | cyc=191 | $time=1920 | column 190 of 768
      lane=0  elem=190  (tile 62)   a=c478  b=c293  c=43a8  d=42fa

<<< OUTPUT READY  | cyc=191 | $time=1920 | column 187 of 768
      lane=0  elem=187  (tile 59)   result=c8c4   expected=c8c4   OK

>>> INPUT  SENT   | cyc=192 | $time=1930 | column 191 of 768
      lane=0  elem=191  (tile 63)   a=c330  b=442e  c=4321  d=43ca

<<< OUTPUT READY  | cyc=192 | $time=1930 | column 188 of 768
      lane=0  elem=188  (tile 60)   result=c8a8   expected=c8a8   OK

>>> INPUT  SENT   | cyc=193 | $time=1940 | column 192 of 768
      lane=0  elem=192  (tile 0)   a=441a  b=4320  c=c415  d=42b7

<<< OUTPUT READY  | cyc=193 | $time=1940 | column 189 of 768
      lane=0  elem=189  (tile 61)   result=c7ac   expected=c7ac   OK

>>> INPUT  SENT   | cyc=194 | $time=1950 | column 193 of 768
      lane=0  elem=193  (tile 1)   a=444c  b=c36c  c=c35d  d=4372

<<< OUTPUT READY  | cyc=194 | $time=1950 | column 190 of 768
      lane=0  elem=190  (tile 62)   result=47e0   expected=47e0   OK

>>> INPUT  SENT   | cyc=195 | $time=1960 | column 194 of 768
      lane=0  elem=194  (tile 2)   a=c437  b=c2ec  c=444e  d=444e

<<< OUTPUT READY  | cyc=195 | $time=1960 | column 191 of 768
      lane=0  elem=191  (tile 63)   result=c760   expected=c760   OK

>>> INPUT  SENT   | cyc=196 | $time=1970 | column 195 of 768
      lane=0  elem=195  (tile 3)   a=4383  b=43f8  c=4447  d=c3f0

<<< OUTPUT READY  | cyc=196 | $time=1970 | column 192 of 768
      lane=0  elem=192  (tile 0)   result=472c   expected=472c   OK

>>> INPUT  SENT   | cyc=197 | $time=1980 | column 196 of 768
      lane=0  elem=196  (tile 4)   a=c41e  b=c41c  c=c381  d=4403

<<< OUTPUT READY  | cyc=197 | $time=1980 | column 193 of 768
      lane=0  elem=193  (tile 1)   result=c870   expected=c870   OK

>>> INPUT  SENT   | cyc=198 | $time=1990 | column 197 of 768
      lane=0  elem=197  (tile 5)   a=42ee  b=4399  c=4455  d=c16f

<<< OUTPUT READY  | cyc=198 | $time=1990 | column 194 of 768
      lane=0  elem=194  (tile 2)   result=493a   expected=493a   OK

>>> INPUT  SENT   | cyc=199 | $time=2000 | column 198 of 768
      lane=0  elem=198  (tile 6)   a=42fd  b=4448  c=c32b  d=43eb

<<< OUTPUT READY  | cyc=199 | $time=2000 | column 195 of 768
      lane=0  elem=195  (tile 3)   result=c876   expected=c876   OK

>>> INPUT  SENT   | cyc=200 | $time=2010 | column 199 of 768
      lane=0  elem=199  (tile 7)   a=442a  b=c425  c=4402  d=445e

<<< OUTPUT READY  | cyc=200 | $time=2010 | column 196 of 768
      lane=0  elem=196  (tile 4)   result=487c   expected=487c   OK

>>> INPUT  SENT   | cyc=201 | $time=2020 | column 200 of 768
      lane=0  elem=200  (tile 8)   a=43cc  b=c405  c=c46e  d=413e

<<< OUTPUT READY  | cyc=201 | $time=2020 | column 197 of 768
      lane=0  elem=197  (tile 5)   result=46ba   expected=46ba   OK

>>> INPUT  SENT   | cyc=202 | $time=2030 | column 201 of 768
      lane=0  elem=201  (tile 9)   a=4461  b=c386  c=c3a5  d=4475

<<< OUTPUT READY  | cyc=202 | $time=2030 | column 198 of 768
      lane=0  elem=198  (tile 6)   result=46a4   expected=46a4   OK

>>> INPUT  SENT   | cyc=203 | $time=2040 | column 202 of 768
      lane=0  elem=202  (tile 10)   a=c3da  b=c435  c=c40d  d=c3e9

<<< OUTPUT READY  | cyc=203 | $time=2040 | column 199 of 768
      lane=0  elem=199  (tile 7)   result=4640   expected=4640   OK

>>> INPUT  SENT   | cyc=204 | $time=2050 | column 203 of 768
      lane=0  elem=203  (tile 11)   a=c31f  b=4375  c=4447  d=c478

<<< OUTPUT READY  | cyc=204 | $time=2050 | column 200 of 768
      lane=0  elem=200  (tile 8)   result=c85e   expected=c85e   OK

>>> INPUT  SENT   | cyc=205 | $time=2060 | column 204 of 768
      lane=0  elem=204  (tile 12)   a=438e  b=c401  c=4444  d=c330

<<< OUTPUT READY  | cyc=205 | $time=2060 | column 201 of 768
      lane=0  elem=201  (tile 9)   result=c909   expected=c909   OK

>>> INPUT  SENT   | cyc=206 | $time=2070 | column 205 of 768
      lane=0  elem=205  (tile 13)   a=4207  b=443a  c=c3fe  d=441a

<<< OUTPUT READY  | cyc=206 | $time=2070 | column 202 of 768
      lane=0  elem=202  (tile 10)   result=490d   expected=490d   OK

>>> INPUT  SENT   | cyc=207 | $time=2080 | column 206 of 768
      lane=0  elem=206  (tile 14)   a=c3d0  b=43dd  c=c41f  d=444c

<<< OUTPUT READY  | cyc=207 | $time=2080 | column 203 of 768
      lane=0  elem=203  (tile 11)   result=c949   expected=c949   OK

>>> INPUT  SENT   | cyc=208 | $time=2090 | column 207 of 768
      lane=0  elem=207  (tile 15)   a=c293  b=43a8  c=42fa  d=c437

<<< OUTPUT READY  | cyc=208 | $time=2090 | column 204 of 768
      lane=0  elem=204  (tile 12)   result=c88a   expected=c88a   OK

>>> INPUT  SENT   | cyc=209 | $time=2100 | column 208 of 768
      lane=0  elem=208  (tile 16)   a=442e  b=4321  c=43ca  d=4383

<<< OUTPUT READY  | cyc=209 | $time=2100 | column 205 of 768
      lane=0  elem=205  (tile 13)   result=c88c   expected=c88c   OK

>>> INPUT  SENT   | cyc=210 | $time=2110 | column 209 of 768
      lane=0  elem=209  (tile 17)   a=4320  b=c415  c=42b7  d=c41e

<<< OUTPUT READY  | cyc=210 | $time=2110 | column 206 of 768
      lane=0  elem=206  (tile 14)   result=c92b   expected=c92b   OK

>>> INPUT  SENT   | cyc=211 | $time=2120 | column 210 of 768
      lane=0  elem=210  (tile 18)   a=c36c  b=c35d  c=4372  d=42ee

<<< OUTPUT READY  | cyc=211 | $time=2120 | column 207 of 768
      lane=0  elem=207  (tile 15)   result=c7e2   expected=c7e2   OK

>>> INPUT  SENT   | cyc=212 | $time=2130 | column 211 of 768
      lane=0  elem=211  (tile 19)   a=c2ec  b=444e  c=444e  d=42fd

<<< OUTPUT READY  | cyc=212 | $time=2130 | column 208 of 768
      lane=0  elem=208  (tile 16)   result=4854   expected=4854   OK

>>> INPUT  SENT   | cyc=213 | $time=2140 | column 212 of 768
      lane=0  elem=212  (tile 20)   a=43f8  b=4447  c=c3f0  d=442a

<<< OUTPUT READY  | cyc=213 | $time=2140 | column 209 of 768
      lane=0  elem=209  (tile 17)   result=c815   expected=c815   OK
+---------------------------------------------------------------
| SPOT CHECK  elem=209  (tile idx 17)   col=209  lane=0  cyc=213
|    a = 4320     b = c415
|    c = 42b7     d = c41e
|    a*b       = c7ba
|    c*d       = c761
|    a*b + c*d = c815   <- reference
|    DUT result= c815   OK
+---------------------------------------------------------------

>>> INPUT  SENT   | cyc=214 | $time=2150 | column 213 of 768
      lane=0  elem=213  (tile 21)   a=c41c  b=c381  c=4403  d=43cc

<<< OUTPUT READY  | cyc=214 | $time=2150 | column 210 of 768
      lane=0  elem=210  (tile 18)   result=479d   expected=479d   OK

>>> INPUT  SENT   | cyc=215 | $time=2160 | column 214 of 768
      lane=0  elem=214  (tile 22)   a=4399  b=4455  c=c16f  d=4461

<<< OUTPUT READY  | cyc=215 | $time=2160 | column 211 of 768
      lane=0  elem=211  (tile 19)   result=45e0   expected=45e0   OK

>>> INPUT  SENT   | cyc=216 | $time=2170 | column 215 of 768
      lane=0  elem=215  (tile 23)   a=4448  b=c32b  c=43eb  d=c3da

<<< OUTPUT READY  | cyc=216 | $time=2170 | column 212 of 768
      lane=0  elem=212  (tile 20)   result=4784   expected=4784   OK

>>> INPUT  SENT   | cyc=217 | $time=2180 | column 216 of 768
      lane=0  elem=216  (tile 24)   a=c425  b=4402  c=445e  d=c31f

<<< OUTPUT READY  | cyc=217 | $time=2180 | column 213 of 768
      lane=0  elem=213  (tile 21)   result=48b6   expected=48b6   OK

>>> INPUT  SENT   | cyc=218 | $time=2190 | column 217 of 768
      lane=0  elem=217  (tile 25)   a=c405  b=c46e  c=413e  d=438e

<<< OUTPUT READY  | cyc=218 | $time=2190 | column 214 of 768
      lane=0  elem=214  (tile 22)   result=4871   expected=4871   OK

>>> INPUT  SENT   | cyc=219 | $time=2200 | column 218 of 768
      lane=0  elem=218  (tile 26)   a=c386  b=c3a5  c=4475  d=4207

<<< OUTPUT READY  | cyc=219 | $time=2200 | column 215 of 768
      lane=0  elem=215  (tile 23)   result=c8a6   expected=c8a6   OK

>>> INPUT  SENT   | cyc=220 | $time=2210 | column 219 of 768
      lane=0  elem=219  (tile 27)   a=c435  b=c40d  c=c3e9  d=c3d0

<<< OUTPUT READY  | cyc=220 | $time=2210 | column 216 of 768
      lane=0  elem=216  (tile 24)   result=c8eb   expected=c8eb   OK

>>> INPUT  SENT   | cyc=221 | $time=2220 | column 220 of 768
      lane=0  elem=220  (tile 28)   a=4375  b=4447  c=c478  d=c293

<<< OUTPUT READY  | cyc=221 | $time=2220 | column 217 of 768
      lane=0  elem=217  (tile 25)   result=48f8   expected=48f8   OK

>>> INPUT  SENT   | cyc=222 | $time=2230 | column 221 of 768
      lane=0  elem=221  (tile 29)   a=c401  b=4444  c=c330  d=442e

<<< OUTPUT READY  | cyc=222 | $time=2230 | column 218 of 768
      lane=0  elem=218  (tile 26)   result=47ec   expected=47ec   OK

>>> INPUT  SENT   | cyc=223 | $time=2240 | column 222 of 768
      lane=0  elem=222  (tile 30)   a=443a  b=c3fe  c=441a  d=4320

<<< OUTPUT READY  | cyc=223 | $time=2240 | column 219 of 768
      lane=0  elem=219  (tile 27)   result=4912   expected=4912   OK

>>> INPUT  SENT   | cyc=224 | $time=2250 | column 223 of 768
      lane=0  elem=223  (tile 31)   a=43dd  b=c41f  c=444c  d=c36c

<<< OUTPUT READY  | cyc=224 | $time=2250 | column 220 of 768
      lane=0  elem=220  (tile 28)   result=4882   expected=4882   OK

>>> INPUT  SENT   | cyc=225 | $time=2260 | column 224 of 768
      lane=0  elem=224  (tile 32)   a=43a8  b=42fa  c=c437  d=c2ec

<<< OUTPUT READY  | cyc=225 | $time=2260 | column 221 of 768
      lane=0  elem=221  (tile 29)   result=c900   expected=c900   OK

>>> INPUT  SENT   | cyc=226 | $time=2270 | column 225 of 768
      lane=0  elem=225  (tile 33)   a=4321  b=43ca  c=4383  d=43f8

<<< OUTPUT READY  | cyc=226 | $time=2270 | column 222 of 768
      lane=0  elem=222  (tile 30)   result=c888   expected=c888   OK

>>> INPUT  SENT   | cyc=227 | $time=2280 | column 226 of 768
      lane=0  elem=226  (tile 34)   a=c415  b=42b7  c=c41e  d=c41c

<<< OUTPUT READY  | cyc=227 | $time=2280 | column 223 of 768
      lane=0  elem=223  (tile 31)   result=c8e7   expected=c8e7   OK

>>> INPUT  SENT   | cyc=228 | $time=2290 | column 227 of 768
      lane=0  elem=227  (tile 35)   a=c35d  b=4372  c=42ee  d=4399

<<< OUTPUT READY  | cyc=228 | $time=2290 | column 224 of 768
      lane=0  elem=224  (tile 32)   result=47fa   expected=47fa   OK

>>> INPUT  SENT   | cyc=229 | $time=2300 | column 228 of 768
      lane=0  elem=228  (tile 36)   a=444e  b=444e  c=42fd  d=4448

<<< OUTPUT READY  | cyc=229 | $time=2300 | column 225 of 768
      lane=0  elem=225  (tile 33)   result=483e   expected=483e   OK

>>> INPUT  SENT   | cyc=230 | $time=2310 | column 229 of 768
      lane=0  elem=229  (tile 37)   a=4447  b=c3f0  c=442a  d=c425

<<< OUTPUT READY  | cyc=230 | $time=2310 | column 226 of 768
      lane=0  elem=226  (tile 34)   result=48a6   expected=48a6   OK

>>> INPUT  SENT   | cyc=231 | $time=2320 | column 230 of 768
      lane=0  elem=230  (tile 38)   a=c381  b=4403  c=43cc  d=c405

<<< OUTPUT READY  | cyc=231 | $time=2320 | column 227 of 768
      lane=0  elem=227  (tile 35)   result=c684   expected=c684   OK

>>> INPUT  SENT   | cyc=232 | $time=2330 | column 231 of 768
      lane=0  elem=231  (tile 39)   a=4455  b=c16f  c=4461  d=c386

<<< OUTPUT READY  | cyc=232 | $time=2330 | column 228 of 768
      lane=0  elem=228  (tile 36)   result=493d   expected=493d   OK

>>> INPUT  SENT   | cyc=233 | $time=2340 | column 232 of 768
      lane=0  elem=232  (tile 40)   a=c32b  b=43eb  c=c3da  d=c435

<<< OUTPUT READY  | cyc=233 | $time=2340 | column 229 of 768
      lane=0  elem=229  (tile 37)   result=c94a   expected=c94a   OK

>>> INPUT  SENT   | cyc=234 | $time=2350 | column 233 of 768
      lane=0  elem=233  (tile 41)   a=4402  b=445e  c=c31f  d=4375

<<< OUTPUT READY  | cyc=234 | $time=2350 | column 230 of 768
      lane=0  elem=230  (tile 38)   result=c8ab   expected=c8ab   OK

>>> INPUT  SENT   | cyc=235 | $time=2360 | column 234 of 768
      lane=0  elem=234  (tile 42)   a=c46e  b=413e  c=438e  d=c401

<<< OUTPUT READY  | cyc=235 | $time=2360 | column 231 of 768
      lane=0  elem=231  (tile 39)   result=c877   expected=c877   OK

>>> INPUT  SENT   | cyc=236 | $time=2370 | column 235 of 768
      lane=0  elem=235  (tile 43)   a=c3a5  b=4475  c=4207  d=443a

<<< OUTPUT READY  | cyc=236 | $time=2370 | column 232 of 768
      lane=0  elem=232  (tile 40)   result=4866   expected=4866   OK

>>> INPUT  SENT   | cyc=237 | $time=2380 | column 236 of 768
      lane=0  elem=236  (tile 44)   a=c40d  b=c3e9  c=c3d0  d=43dd

<<< OUTPUT READY  | cyc=237 | $time=2380 | column 233 of 768
      lane=0  elem=233  (tile 41)   result=48ce   expected=48ce   OK

>>> INPUT  SENT   | cyc=238 | $time=2390 | column 237 of 768
      lane=0  elem=237  (tile 45)   a=4447  b=c478  c=c293  d=43a8

<<< OUTPUT READY  | cyc=238 | $time=2390 | column 234 of 768
      lane=0  elem=234  (tile 42)   result=c81a   expected=c81a   OK

>>> INPUT  SENT   | cyc=239 | $time=2400 | column 238 of 768
      lane=0  elem=238  (tile 46)   a=4444  b=c330  c=442e  d=4321

<<< OUTPUT READY  | cyc=239 | $time=2400 | column 235 of 768
      lane=0  elem=235  (tile 43)   result=c891   expected=c891   OK

>>> INPUT  SENT   | cyc=240 | $time=2410 | column 239 of 768
      lane=0  elem=239  (tile 47)   a=c3fe  b=441a  c=4320  d=c415

<<< OUTPUT READY  | cyc=240 | $time=2410 | column 236 of 768
      lane=0  elem=236  (tile 44)   result=479c   expected=479c   OK

>>> INPUT  SENT   | cyc=241 | $time=2420 | column 240 of 768
      lane=0  elem=240  (tile 48)   a=c41f  b=444c  c=c36c  d=c35d

<<< OUTPUT READY  | cyc=241 | $time=2420 | column 237 of 768
      lane=0  elem=237  (tile 45)   result=c946   expected=c946   OK

>>> INPUT  SENT   | cyc=242 | $time=2430 | column 241 of 768
      lane=0  elem=241  (tile 49)   a=42fa  b=c437  c=c2ec  d=444e

<<< OUTPUT READY  | cyc=242 | $time=2430 | column 238 of 768
      lane=0  elem=238  (tile 46)   result=c6c8   expected=c6c8   OK

>>> INPUT  SENT   | cyc=243 | $time=2440 | column 242 of 768
      lane=0  elem=242  (tile 50)   a=43ca  b=4383  c=43f8  d=4447

<<< OUTPUT READY  | cyc=243 | $time=2440 | column 239 of 768
      lane=0  elem=239  (tile 47)   result=c8c6   expected=c8c6   OK

>>> INPUT  SENT   | cyc=244 | $time=2450 | column 243 of 768
      lane=0  elem=243  (tile 51)   a=42b7  b=c41e  c=c41c  d=c381

<<< OUTPUT READY  | cyc=244 | $time=2450 | column 240 of 768
      lane=0  elem=240  (tile 48)   result=c8e4   expected=c8e4   OK

>>> INPUT  SENT   | cyc=245 | $time=2460 | column 244 of 768
      lane=0  elem=244  (tile 52)   a=4372  b=42ee  c=4399  d=4455

<<< OUTPUT READY  | cyc=245 | $time=2460 | column 241 of 768
      lane=0  elem=241  (tile 49)   result=c837   expected=c837   OK

>>> INPUT  SENT   | cyc=246 | $time=2470 | column 245 of 768
      lane=0  elem=245  (tile 53)   a=444e  b=42fd  c=4448  d=c32b

<<< OUTPUT READY  | cyc=246 | $time=2470 | column 242 of 768
      lane=0  elem=242  (tile 50)   result=48f3   expected=48f3   OK

>>> INPUT  SENT   | cyc=247 | $time=2480 | column 246 of 768
      lane=0  elem=246  (tile 54)   a=c3f0  b=442a  c=c425  d=4402

<<< OUTPUT READY  | cyc=247 | $time=2480 | column 243 of 768
      lane=0  elem=243  (tile 51)   result=47ca   expected=47ca   OK

>>> INPUT  SENT   | cyc=248 | $time=2490 | column 247 of 768
      lane=0  elem=247  (tile 55)   a=4403  b=43cc  c=c405  d=c46e

<<< OUTPUT READY  | cyc=248 | $time=2490 | column 244 of 768
      lane=0  elem=244  (tile 52)   result=488d   expected=488d   OK

>>> INPUT  SENT   | cyc=249 | $time=2500 | column 248 of 768
      lane=0  elem=248  (tile 56)   a=c16f  b=4461  c=c386  d=c3a5

<<< OUTPUT READY  | cyc=249 | $time=2500 | column 245 of 768
      lane=0  elem=245  (tile 53)   result=c700   expected=c700   OK

>>> INPUT  SENT   | cyc=250 | $time=2510 | column 249 of 768
      lane=0  elem=249  (tile 57)   a=43eb  b=c3da  c=c435  d=c40d

<<< OUTPUT READY  | cyc=250 | $time=2510 | column 246 of 768
      lane=0  elem=246  (tile 54)   result=c923   expected=c923   OK

>>> INPUT  SENT   | cyc=251 | $time=2520 | column 250 of 768
      lane=0  elem=250  (tile 58)   a=445e  b=c31f  c=4375  d=4447

<<< OUTPUT READY  | cyc=251 | $time=2520 | column 247 of 768
      lane=0  elem=247  (tile 55)   result=492f   expected=492f   OK

>>> INPUT  SENT   | cyc=252 | $time=2530 | column 251 of 768
      lane=0  elem=251  (tile 59)   a=413e  b=438e  c=c401  d=4444

<<< OUTPUT READY  | cyc=252 | $time=2530 | column 248 of 768
      lane=0  elem=248  (tile 56)   result=4792   expected=4792   OK

>>> INPUT  SENT   | cyc=253 | $time=2540 | column 252 of 768
      lane=0  elem=252  (tile 60)   a=4475  b=4207  c=443a  d=c3fe

<<< OUTPUT READY  | cyc=253 | $time=2540 | column 249 of 768
      lane=0  elem=249  (tile 57)   result=4846   expected=4846   OK

>>> INPUT  SENT   | cyc=254 | $time=2550 | column 253 of 768
      lane=0  elem=253  (tile 61)   a=c3e9  b=c3d0  c=43dd  d=c41f

<<< OUTPUT READY  | cyc=254 | $time=2550 | column 250 of 768
      lane=0  elem=250  (tile 58)   result=4754   expected=4754   OK

>>> INPUT  SENT   | cyc=255 | $time=2560 | column 254 of 768
      lane=0  elem=254  (tile 62)   a=c478  b=c293  c=43a8  d=42fa

<<< OUTPUT READY  | cyc=255 | $time=2560 | column 251 of 768
      lane=0  elem=251  (tile 59)   result=c8c4   expected=c8c4   OK

>>> INPUT  SENT   | cyc=256 | $time=2570 | column 255 of 768
      lane=0  elem=255  (tile 63)   a=c330  b=442e  c=4321  d=43ca

<<< OUTPUT READY  | cyc=256 | $time=2570 | column 252 of 768
      lane=0  elem=252  (tile 60)   result=c8a8   expected=c8a8   OK

>>> INPUT  SENT   | cyc=257 | $time=2580 | column 256 of 768
      lane=0  elem=256  (tile 0)   a=441a  b=4320  c=c415  d=42b7

<<< OUTPUT READY  | cyc=257 | $time=2580 | column 253 of 768
      lane=0  elem=253  (tile 61)   result=c7ac   expected=c7ac   OK

>>> INPUT  SENT   | cyc=258 | $time=2590 | column 257 of 768
      lane=0  elem=257  (tile 1)   a=444c  b=c36c  c=c35d  d=4372

<<< OUTPUT READY  | cyc=258 | $time=2590 | column 254 of 768
      lane=0  elem=254  (tile 62)   result=47e0   expected=47e0   OK

>>> INPUT  SENT   | cyc=259 | $time=2600 | column 258 of 768
      lane=0  elem=258  (tile 2)   a=c437  b=c2ec  c=444e  d=444e

<<< OUTPUT READY  | cyc=259 | $time=2600 | column 255 of 768
      lane=0  elem=255  (tile 63)   result=c760   expected=c760   OK

>>> INPUT  SENT   | cyc=260 | $time=2610 | column 259 of 768
      lane=0  elem=259  (tile 3)   a=4383  b=43f8  c=4447  d=c3f0

<<< OUTPUT READY  | cyc=260 | $time=2610 | column 256 of 768
      lane=0  elem=256  (tile 0)   result=472c   expected=472c   OK

>>> INPUT  SENT   | cyc=261 | $time=2620 | column 260 of 768
      lane=0  elem=260  (tile 4)   a=c41e  b=c41c  c=c381  d=4403

<<< OUTPUT READY  | cyc=261 | $time=2620 | column 257 of 768
      lane=0  elem=257  (tile 1)   result=c870   expected=c870   OK

>>> INPUT  SENT   | cyc=262 | $time=2630 | column 261 of 768
      lane=0  elem=261  (tile 5)   a=42ee  b=4399  c=4455  d=c16f

<<< OUTPUT READY  | cyc=262 | $time=2630 | column 258 of 768
      lane=0  elem=258  (tile 2)   result=493a   expected=493a   OK

>>> INPUT  SENT   | cyc=263 | $time=2640 | column 262 of 768
      lane=0  elem=262  (tile 6)   a=42fd  b=4448  c=c32b  d=43eb

<<< OUTPUT READY  | cyc=263 | $time=2640 | column 259 of 768
      lane=0  elem=259  (tile 3)   result=c876   expected=c876   OK

>>> INPUT  SENT   | cyc=264 | $time=2650 | column 263 of 768
      lane=0  elem=263  (tile 7)   a=442a  b=c425  c=4402  d=445e

<<< OUTPUT READY  | cyc=264 | $time=2650 | column 260 of 768
      lane=0  elem=260  (tile 4)   result=487c   expected=487c   OK

>>> INPUT  SENT   | cyc=265 | $time=2660 | column 264 of 768
      lane=0  elem=264  (tile 8)   a=43cc  b=c405  c=c46e  d=413e

<<< OUTPUT READY  | cyc=265 | $time=2660 | column 261 of 768
      lane=0  elem=261  (tile 5)   result=46ba   expected=46ba   OK

>>> INPUT  SENT   | cyc=266 | $time=2670 | column 265 of 768
      lane=0  elem=265  (tile 9)   a=4461  b=c386  c=c3a5  d=4475

<<< OUTPUT READY  | cyc=266 | $time=2670 | column 262 of 768
      lane=0  elem=262  (tile 6)   result=46a4   expected=46a4   OK

>>> INPUT  SENT   | cyc=267 | $time=2680 | column 266 of 768
      lane=0  elem=266  (tile 10)   a=c3da  b=c435  c=c40d  d=c3e9

<<< OUTPUT READY  | cyc=267 | $time=2680 | column 263 of 768
      lane=0  elem=263  (tile 7)   result=4640   expected=4640   OK

>>> INPUT  SENT   | cyc=268 | $time=2690 | column 267 of 768
      lane=0  elem=267  (tile 11)   a=c31f  b=4375  c=4447  d=c478

<<< OUTPUT READY  | cyc=268 | $time=2690 | column 264 of 768
      lane=0  elem=264  (tile 8)   result=c85e   expected=c85e   OK

>>> INPUT  SENT   | cyc=269 | $time=2700 | column 268 of 768
      lane=0  elem=268  (tile 12)   a=438e  b=c401  c=4444  d=c330

<<< OUTPUT READY  | cyc=269 | $time=2700 | column 265 of 768
      lane=0  elem=265  (tile 9)   result=c909   expected=c909   OK

>>> INPUT  SENT   | cyc=270 | $time=2710 | column 269 of 768
      lane=0  elem=269  (tile 13)   a=4207  b=443a  c=c3fe  d=441a

<<< OUTPUT READY  | cyc=270 | $time=2710 | column 266 of 768
      lane=0  elem=266  (tile 10)   result=490d   expected=490d   OK

>>> INPUT  SENT   | cyc=271 | $time=2720 | column 270 of 768
      lane=0  elem=270  (tile 14)   a=c3d0  b=43dd  c=c41f  d=444c

<<< OUTPUT READY  | cyc=271 | $time=2720 | column 267 of 768
      lane=0  elem=267  (tile 11)   result=c949   expected=c949   OK

>>> INPUT  SENT   | cyc=272 | $time=2730 | column 271 of 768
      lane=0  elem=271  (tile 15)   a=c293  b=43a8  c=42fa  d=c437

<<< OUTPUT READY  | cyc=272 | $time=2730 | column 268 of 768
      lane=0  elem=268  (tile 12)   result=c88a   expected=c88a   OK

>>> INPUT  SENT   | cyc=273 | $time=2740 | column 272 of 768
      lane=0  elem=272  (tile 16)   a=442e  b=4321  c=43ca  d=4383

<<< OUTPUT READY  | cyc=273 | $time=2740 | column 269 of 768
      lane=0  elem=269  (tile 13)   result=c88c   expected=c88c   OK

>>> INPUT  SENT   | cyc=274 | $time=2750 | column 273 of 768
      lane=0  elem=273  (tile 17)   a=4320  b=c415  c=42b7  d=c41e

<<< OUTPUT READY  | cyc=274 | $time=2750 | column 270 of 768
      lane=0  elem=270  (tile 14)   result=c92b   expected=c92b   OK

>>> INPUT  SENT   | cyc=275 | $time=2760 | column 274 of 768
      lane=0  elem=274  (tile 18)   a=c36c  b=c35d  c=4372  d=42ee

<<< OUTPUT READY  | cyc=275 | $time=2760 | column 271 of 768
      lane=0  elem=271  (tile 15)   result=c7e2   expected=c7e2   OK

>>> INPUT  SENT   | cyc=276 | $time=2770 | column 275 of 768
      lane=0  elem=275  (tile 19)   a=c2ec  b=444e  c=444e  d=42fd

<<< OUTPUT READY  | cyc=276 | $time=2770 | column 272 of 768
      lane=0  elem=272  (tile 16)   result=4854   expected=4854   OK

>>> INPUT  SENT   | cyc=277 | $time=2780 | column 276 of 768
      lane=0  elem=276  (tile 20)   a=43f8  b=4447  c=c3f0  d=442a

<<< OUTPUT READY  | cyc=277 | $time=2780 | column 273 of 768
      lane=0  elem=273  (tile 17)   result=c815   expected=c815   OK

>>> INPUT  SENT   | cyc=278 | $time=2790 | column 277 of 768
      lane=0  elem=277  (tile 21)   a=c41c  b=c381  c=4403  d=43cc

<<< OUTPUT READY  | cyc=278 | $time=2790 | column 274 of 768
      lane=0  elem=274  (tile 18)   result=479d   expected=479d   OK

>>> INPUT  SENT   | cyc=279 | $time=2800 | column 278 of 768
      lane=0  elem=278  (tile 22)   a=4399  b=4455  c=c16f  d=4461

<<< OUTPUT READY  | cyc=279 | $time=2800 | column 275 of 768
      lane=0  elem=275  (tile 19)   result=45e0   expected=45e0   OK

>>> INPUT  SENT   | cyc=280 | $time=2810 | column 279 of 768
      lane=0  elem=279  (tile 23)   a=4448  b=c32b  c=43eb  d=c3da

<<< OUTPUT READY  | cyc=280 | $time=2810 | column 276 of 768
      lane=0  elem=276  (tile 20)   result=4784   expected=4784   OK

>>> INPUT  SENT   | cyc=281 | $time=2820 | column 280 of 768
      lane=0  elem=280  (tile 24)   a=c425  b=4402  c=445e  d=c31f

<<< OUTPUT READY  | cyc=281 | $time=2820 | column 277 of 768
      lane=0  elem=277  (tile 21)   result=48b6   expected=48b6   OK

>>> INPUT  SENT   | cyc=282 | $time=2830 | column 281 of 768
      lane=0  elem=281  (tile 25)   a=c405  b=c46e  c=413e  d=438e

<<< OUTPUT READY  | cyc=282 | $time=2830 | column 278 of 768
      lane=0  elem=278  (tile 22)   result=4871   expected=4871   OK

>>> INPUT  SENT   | cyc=283 | $time=2840 | column 282 of 768
      lane=0  elem=282  (tile 26)   a=c386  b=c3a5  c=4475  d=4207

<<< OUTPUT READY  | cyc=283 | $time=2840 | column 279 of 768
      lane=0  elem=279  (tile 23)   result=c8a6   expected=c8a6   OK

>>> INPUT  SENT   | cyc=284 | $time=2850 | column 283 of 768
      lane=0  elem=283  (tile 27)   a=c435  b=c40d  c=c3e9  d=c3d0

<<< OUTPUT READY  | cyc=284 | $time=2850 | column 280 of 768
      lane=0  elem=280  (tile 24)   result=c8eb   expected=c8eb   OK

>>> INPUT  SENT   | cyc=285 | $time=2860 | column 284 of 768
      lane=0  elem=284  (tile 28)   a=4375  b=4447  c=c478  d=c293

<<< OUTPUT READY  | cyc=285 | $time=2860 | column 281 of 768
      lane=0  elem=281  (tile 25)   result=48f8   expected=48f8   OK

>>> INPUT  SENT   | cyc=286 | $time=2870 | column 285 of 768
      lane=0  elem=285  (tile 29)   a=c401  b=4444  c=c330  d=442e

<<< OUTPUT READY  | cyc=286 | $time=2870 | column 282 of 768
      lane=0  elem=282  (tile 26)   result=47ec   expected=47ec   OK

>>> INPUT  SENT   | cyc=287 | $time=2880 | column 286 of 768
      lane=0  elem=286  (tile 30)   a=443a  b=c3fe  c=441a  d=4320

<<< OUTPUT READY  | cyc=287 | $time=2880 | column 283 of 768
      lane=0  elem=283  (tile 27)   result=4912   expected=4912   OK

>>> INPUT  SENT   | cyc=288 | $time=2890 | column 287 of 768
      lane=0  elem=287  (tile 31)   a=43dd  b=c41f  c=444c  d=c36c

<<< OUTPUT READY  | cyc=288 | $time=2890 | column 284 of 768
      lane=0  elem=284  (tile 28)   result=4882   expected=4882   OK

>>> INPUT  SENT   | cyc=289 | $time=2900 | column 288 of 768
      lane=0  elem=288  (tile 32)   a=43a8  b=42fa  c=c437  d=c2ec

<<< OUTPUT READY  | cyc=289 | $time=2900 | column 285 of 768
      lane=0  elem=285  (tile 29)   result=c900   expected=c900   OK

>>> INPUT  SENT   | cyc=290 | $time=2910 | column 289 of 768
      lane=0  elem=289  (tile 33)   a=4321  b=43ca  c=4383  d=43f8

<<< OUTPUT READY  | cyc=290 | $time=2910 | column 286 of 768
      lane=0  elem=286  (tile 30)   result=c888   expected=c888   OK

>>> INPUT  SENT   | cyc=291 | $time=2920 | column 290 of 768
      lane=0  elem=290  (tile 34)   a=c415  b=42b7  c=c41e  d=c41c

<<< OUTPUT READY  | cyc=291 | $time=2920 | column 287 of 768
      lane=0  elem=287  (tile 31)   result=c8e7   expected=c8e7   OK

>>> INPUT  SENT   | cyc=292 | $time=2930 | column 291 of 768
      lane=0  elem=291  (tile 35)   a=c35d  b=4372  c=42ee  d=4399

<<< OUTPUT READY  | cyc=292 | $time=2930 | column 288 of 768
      lane=0  elem=288  (tile 32)   result=47fa   expected=47fa   OK

>>> INPUT  SENT   | cyc=293 | $time=2940 | column 292 of 768
      lane=0  elem=292  (tile 36)   a=444e  b=444e  c=42fd  d=4448

<<< OUTPUT READY  | cyc=293 | $time=2940 | column 289 of 768
      lane=0  elem=289  (tile 33)   result=483e   expected=483e   OK

>>> INPUT  SENT   | cyc=294 | $time=2950 | column 293 of 768
      lane=0  elem=293  (tile 37)   a=4447  b=c3f0  c=442a  d=c425

<<< OUTPUT READY  | cyc=294 | $time=2950 | column 290 of 768
      lane=0  elem=290  (tile 34)   result=48a6   expected=48a6   OK

>>> INPUT  SENT   | cyc=295 | $time=2960 | column 294 of 768
      lane=0  elem=294  (tile 38)   a=c381  b=4403  c=43cc  d=c405

<<< OUTPUT READY  | cyc=295 | $time=2960 | column 291 of 768
      lane=0  elem=291  (tile 35)   result=c684   expected=c684   OK

>>> INPUT  SENT   | cyc=296 | $time=2970 | column 295 of 768
      lane=0  elem=295  (tile 39)   a=4455  b=c16f  c=4461  d=c386

<<< OUTPUT READY  | cyc=296 | $time=2970 | column 292 of 768
      lane=0  elem=292  (tile 36)   result=493d   expected=493d   OK

>>> INPUT  SENT   | cyc=297 | $time=2980 | column 296 of 768
      lane=0  elem=296  (tile 40)   a=c32b  b=43eb  c=c3da  d=c435

<<< OUTPUT READY  | cyc=297 | $time=2980 | column 293 of 768
      lane=0  elem=293  (tile 37)   result=c94a   expected=c94a   OK

>>> INPUT  SENT   | cyc=298 | $time=2990 | column 297 of 768
      lane=0  elem=297  (tile 41)   a=4402  b=445e  c=c31f  d=4375

<<< OUTPUT READY  | cyc=298 | $time=2990 | column 294 of 768
      lane=0  elem=294  (tile 38)   result=c8ab   expected=c8ab   OK

>>> INPUT  SENT   | cyc=299 | $time=3000 | column 298 of 768
      lane=0  elem=298  (tile 42)   a=c46e  b=413e  c=438e  d=c401

<<< OUTPUT READY  | cyc=299 | $time=3000 | column 295 of 768
      lane=0  elem=295  (tile 39)   result=c877   expected=c877   OK

>>> INPUT  SENT   | cyc=300 | $time=3010 | column 299 of 768
      lane=0  elem=299  (tile 43)   a=c3a5  b=4475  c=4207  d=443a

<<< OUTPUT READY  | cyc=300 | $time=3010 | column 296 of 768
      lane=0  elem=296  (tile 40)   result=4866   expected=4866   OK

>>> INPUT  SENT   | cyc=301 | $time=3020 | column 300 of 768
      lane=0  elem=300  (tile 44)   a=c40d  b=c3e9  c=c3d0  d=43dd

<<< OUTPUT READY  | cyc=301 | $time=3020 | column 297 of 768
      lane=0  elem=297  (tile 41)   result=48ce   expected=48ce   OK

>>> INPUT  SENT   | cyc=302 | $time=3030 | column 301 of 768
      lane=0  elem=301  (tile 45)   a=4447  b=c478  c=c293  d=43a8

<<< OUTPUT READY  | cyc=302 | $time=3030 | column 298 of 768
      lane=0  elem=298  (tile 42)   result=c81a   expected=c81a   OK

>>> INPUT  SENT   | cyc=303 | $time=3040 | column 302 of 768
      lane=0  elem=302  (tile 46)   a=4444  b=c330  c=442e  d=4321

<<< OUTPUT READY  | cyc=303 | $time=3040 | column 299 of 768
      lane=0  elem=299  (tile 43)   result=c891   expected=c891   OK

>>> INPUT  SENT   | cyc=304 | $time=3050 | column 303 of 768
      lane=0  elem=303  (tile 47)   a=c3fe  b=441a  c=4320  d=c415

<<< OUTPUT READY  | cyc=304 | $time=3050 | column 300 of 768
      lane=0  elem=300  (tile 44)   result=479c   expected=479c   OK
+---------------------------------------------------------------
| SPOT CHECK  elem=300  (tile idx 44)   col=300  lane=0  cyc=304
|    a = c40d     b = c3e9
|    c = c3d0     d = 43dd
|    a*b       = 4880
|    c*d       = c833
|    a*b + c*d = 479c   <- reference
|    DUT result= 479c   OK
+---------------------------------------------------------------

>>> INPUT  SENT   | cyc=305 | $time=3060 | column 304 of 768
      lane=0  elem=304  (tile 48)   a=c41f  b=444c  c=c36c  d=c35d

<<< OUTPUT READY  | cyc=305 | $time=3060 | column 301 of 768
      lane=0  elem=301  (tile 45)   result=c946   expected=c946   OK

>>> INPUT  SENT   | cyc=306 | $time=3070 | column 305 of 768
      lane=0  elem=305  (tile 49)   a=42fa  b=c437  c=c2ec  d=444e

<<< OUTPUT READY  | cyc=306 | $time=3070 | column 302 of 768
      lane=0  elem=302  (tile 46)   result=c6c8   expected=c6c8   OK

>>> INPUT  SENT   | cyc=307 | $time=3080 | column 306 of 768
      lane=0  elem=306  (tile 50)   a=43ca  b=4383  c=43f8  d=4447

<<< OUTPUT READY  | cyc=307 | $time=3080 | column 303 of 768
      lane=0  elem=303  (tile 47)   result=c8c6   expected=c8c6   OK

>>> INPUT  SENT   | cyc=308 | $time=3090 | column 307 of 768
      lane=0  elem=307  (tile 51)   a=42b7  b=c41e  c=c41c  d=c381

<<< OUTPUT READY  | cyc=308 | $time=3090 | column 304 of 768
      lane=0  elem=304  (tile 48)   result=c8e4   expected=c8e4   OK

>>> INPUT  SENT   | cyc=309 | $time=3100 | column 308 of 768
      lane=0  elem=308  (tile 52)   a=4372  b=42ee  c=4399  d=4455

<<< OUTPUT READY  | cyc=309 | $time=3100 | column 305 of 768
      lane=0  elem=305  (tile 49)   result=c837   expected=c837   OK

>>> INPUT  SENT   | cyc=310 | $time=3110 | column 309 of 768
      lane=0  elem=309  (tile 53)   a=444e  b=42fd  c=4448  d=c32b

<<< OUTPUT READY  | cyc=310 | $time=3110 | column 306 of 768
      lane=0  elem=306  (tile 50)   result=48f3   expected=48f3   OK

>>> INPUT  SENT   | cyc=311 | $time=3120 | column 310 of 768
      lane=0  elem=310  (tile 54)   a=c3f0  b=442a  c=c425  d=4402

<<< OUTPUT READY  | cyc=311 | $time=3120 | column 307 of 768
      lane=0  elem=307  (tile 51)   result=47ca   expected=47ca   OK

>>> INPUT  SENT   | cyc=312 | $time=3130 | column 311 of 768
      lane=0  elem=311  (tile 55)   a=4403  b=43cc  c=c405  d=c46e

<<< OUTPUT READY  | cyc=312 | $time=3130 | column 308 of 768
      lane=0  elem=308  (tile 52)   result=488d   expected=488d   OK

>>> INPUT  SENT   | cyc=313 | $time=3140 | column 312 of 768
      lane=0  elem=312  (tile 56)   a=c16f  b=4461  c=c386  d=c3a5

<<< OUTPUT READY  | cyc=313 | $time=3140 | column 309 of 768
      lane=0  elem=309  (tile 53)   result=c700   expected=c700   OK

>>> INPUT  SENT   | cyc=314 | $time=3150 | column 313 of 768
      lane=0  elem=313  (tile 57)   a=43eb  b=c3da  c=c435  d=c40d

<<< OUTPUT READY  | cyc=314 | $time=3150 | column 310 of 768
      lane=0  elem=310  (tile 54)   result=c923   expected=c923   OK

>>> INPUT  SENT   | cyc=315 | $time=3160 | column 314 of 768
      lane=0  elem=314  (tile 58)   a=445e  b=c31f  c=4375  d=4447

<<< OUTPUT READY  | cyc=315 | $time=3160 | column 311 of 768
      lane=0  elem=311  (tile 55)   result=492f   expected=492f   OK

>>> INPUT  SENT   | cyc=316 | $time=3170 | column 315 of 768
      lane=0  elem=315  (tile 59)   a=413e  b=438e  c=c401  d=4444

<<< OUTPUT READY  | cyc=316 | $time=3170 | column 312 of 768
      lane=0  elem=312  (tile 56)   result=4792   expected=4792   OK

>>> INPUT  SENT   | cyc=317 | $time=3180 | column 316 of 768
      lane=0  elem=316  (tile 60)   a=4475  b=4207  c=443a  d=c3fe

<<< OUTPUT READY  | cyc=317 | $time=3180 | column 313 of 768
      lane=0  elem=313  (tile 57)   result=4846   expected=4846   OK

>>> INPUT  SENT   | cyc=318 | $time=3190 | column 317 of 768
      lane=0  elem=317  (tile 61)   a=c3e9  b=c3d0  c=43dd  d=c41f

<<< OUTPUT READY  | cyc=318 | $time=3190 | column 314 of 768
      lane=0  elem=314  (tile 58)   result=4754   expected=4754   OK

>>> INPUT  SENT   | cyc=319 | $time=3200 | column 318 of 768
      lane=0  elem=318  (tile 62)   a=c478  b=c293  c=43a8  d=42fa

<<< OUTPUT READY  | cyc=319 | $time=3200 | column 315 of 768
      lane=0  elem=315  (tile 59)   result=c8c4   expected=c8c4   OK

>>> INPUT  SENT   | cyc=320 | $time=3210 | column 319 of 768
      lane=0  elem=319  (tile 63)   a=c330  b=442e  c=4321  d=43ca

<<< OUTPUT READY  | cyc=320 | $time=3210 | column 316 of 768
      lane=0  elem=316  (tile 60)   result=c8a8   expected=c8a8   OK

>>> INPUT  SENT   | cyc=321 | $time=3220 | column 320 of 768
      lane=0  elem=320  (tile 0)   a=441a  b=4320  c=c415  d=42b7

<<< OUTPUT READY  | cyc=321 | $time=3220 | column 317 of 768
      lane=0  elem=317  (tile 61)   result=c7ac   expected=c7ac   OK

>>> INPUT  SENT   | cyc=322 | $time=3230 | column 321 of 768
      lane=0  elem=321  (tile 1)   a=444c  b=c36c  c=c35d  d=4372

<<< OUTPUT READY  | cyc=322 | $time=3230 | column 318 of 768
      lane=0  elem=318  (tile 62)   result=47e0   expected=47e0   OK

>>> INPUT  SENT   | cyc=323 | $time=3240 | column 322 of 768
      lane=0  elem=322  (tile 2)   a=c437  b=c2ec  c=444e  d=444e

<<< OUTPUT READY  | cyc=323 | $time=3240 | column 319 of 768
      lane=0  elem=319  (tile 63)   result=c760   expected=c760   OK

>>> INPUT  SENT   | cyc=324 | $time=3250 | column 323 of 768
      lane=0  elem=323  (tile 3)   a=4383  b=43f8  c=4447  d=c3f0

<<< OUTPUT READY  | cyc=324 | $time=3250 | column 320 of 768
      lane=0  elem=320  (tile 0)   result=472c   expected=472c   OK

>>> INPUT  SENT   | cyc=325 | $time=3260 | column 324 of 768
      lane=0  elem=324  (tile 4)   a=c41e  b=c41c  c=c381  d=4403

<<< OUTPUT READY  | cyc=325 | $time=3260 | column 321 of 768
      lane=0  elem=321  (tile 1)   result=c870   expected=c870   OK

>>> INPUT  SENT   | cyc=326 | $time=3270 | column 325 of 768
      lane=0  elem=325  (tile 5)   a=42ee  b=4399  c=4455  d=c16f

<<< OUTPUT READY  | cyc=326 | $time=3270 | column 322 of 768
      lane=0  elem=322  (tile 2)   result=493a   expected=493a   OK

>>> INPUT  SENT   | cyc=327 | $time=3280 | column 326 of 768
      lane=0  elem=326  (tile 6)   a=42fd  b=4448  c=c32b  d=43eb

<<< OUTPUT READY  | cyc=327 | $time=3280 | column 323 of 768
      lane=0  elem=323  (tile 3)   result=c876   expected=c876   OK

>>> INPUT  SENT   | cyc=328 | $time=3290 | column 327 of 768
      lane=0  elem=327  (tile 7)   a=442a  b=c425  c=4402  d=445e

<<< OUTPUT READY  | cyc=328 | $time=3290 | column 324 of 768
      lane=0  elem=324  (tile 4)   result=487c   expected=487c   OK

>>> INPUT  SENT   | cyc=329 | $time=3300 | column 328 of 768
      lane=0  elem=328  (tile 8)   a=43cc  b=c405  c=c46e  d=413e

<<< OUTPUT READY  | cyc=329 | $time=3300 | column 325 of 768
      lane=0  elem=325  (tile 5)   result=46ba   expected=46ba   OK

>>> INPUT  SENT   | cyc=330 | $time=3310 | column 329 of 768
      lane=0  elem=329  (tile 9)   a=4461  b=c386  c=c3a5  d=4475

<<< OUTPUT READY  | cyc=330 | $time=3310 | column 326 of 768
      lane=0  elem=326  (tile 6)   result=46a4   expected=46a4   OK

>>> INPUT  SENT   | cyc=331 | $time=3320 | column 330 of 768
      lane=0  elem=330  (tile 10)   a=c3da  b=c435  c=c40d  d=c3e9

<<< OUTPUT READY  | cyc=331 | $time=3320 | column 327 of 768
      lane=0  elem=327  (tile 7)   result=4640   expected=4640   OK

>>> INPUT  SENT   | cyc=332 | $time=3330 | column 331 of 768
      lane=0  elem=331  (tile 11)   a=c31f  b=4375  c=4447  d=c478

<<< OUTPUT READY  | cyc=332 | $time=3330 | column 328 of 768
      lane=0  elem=328  (tile 8)   result=c85e   expected=c85e   OK

>>> INPUT  SENT   | cyc=333 | $time=3340 | column 332 of 768
      lane=0  elem=332  (tile 12)   a=438e  b=c401  c=4444  d=c330

<<< OUTPUT READY  | cyc=333 | $time=3340 | column 329 of 768
      lane=0  elem=329  (tile 9)   result=c909   expected=c909   OK

>>> INPUT  SENT   | cyc=334 | $time=3350 | column 333 of 768
      lane=0  elem=333  (tile 13)   a=4207  b=443a  c=c3fe  d=441a

<<< OUTPUT READY  | cyc=334 | $time=3350 | column 330 of 768
      lane=0  elem=330  (tile 10)   result=490d   expected=490d   OK

>>> INPUT  SENT   | cyc=335 | $time=3360 | column 334 of 768
      lane=0  elem=334  (tile 14)   a=c3d0  b=43dd  c=c41f  d=444c

<<< OUTPUT READY  | cyc=335 | $time=3360 | column 331 of 768
      lane=0  elem=331  (tile 11)   result=c949   expected=c949   OK

>>> INPUT  SENT   | cyc=336 | $time=3370 | column 335 of 768
      lane=0  elem=335  (tile 15)   a=c293  b=43a8  c=42fa  d=c437

<<< OUTPUT READY  | cyc=336 | $time=3370 | column 332 of 768
      lane=0  elem=332  (tile 12)   result=c88a   expected=c88a   OK

>>> INPUT  SENT   | cyc=337 | $time=3380 | column 336 of 768
      lane=0  elem=336  (tile 16)   a=442e  b=4321  c=43ca  d=4383

<<< OUTPUT READY  | cyc=337 | $time=3380 | column 333 of 768
      lane=0  elem=333  (tile 13)   result=c88c   expected=c88c   OK

>>> INPUT  SENT   | cyc=338 | $time=3390 | column 337 of 768
      lane=0  elem=337  (tile 17)   a=4320  b=c415  c=42b7  d=c41e

<<< OUTPUT READY  | cyc=338 | $time=3390 | column 334 of 768
      lane=0  elem=334  (tile 14)   result=c92b   expected=c92b   OK

>>> INPUT  SENT   | cyc=339 | $time=3400 | column 338 of 768
      lane=0  elem=338  (tile 18)   a=c36c  b=c35d  c=4372  d=42ee

<<< OUTPUT READY  | cyc=339 | $time=3400 | column 335 of 768
      lane=0  elem=335  (tile 15)   result=c7e2   expected=c7e2   OK

>>> INPUT  SENT   | cyc=340 | $time=3410 | column 339 of 768
      lane=0  elem=339  (tile 19)   a=c2ec  b=444e  c=444e  d=42fd

<<< OUTPUT READY  | cyc=340 | $time=3410 | column 336 of 768
      lane=0  elem=336  (tile 16)   result=4854   expected=4854   OK

>>> INPUT  SENT   | cyc=341 | $time=3420 | column 340 of 768
      lane=0  elem=340  (tile 20)   a=43f8  b=4447  c=c3f0  d=442a

<<< OUTPUT READY  | cyc=341 | $time=3420 | column 337 of 768
      lane=0  elem=337  (tile 17)   result=c815   expected=c815   OK

>>> INPUT  SENT   | cyc=342 | $time=3430 | column 341 of 768
      lane=0  elem=341  (tile 21)   a=c41c  b=c381  c=4403  d=43cc

<<< OUTPUT READY  | cyc=342 | $time=3430 | column 338 of 768
      lane=0  elem=338  (tile 18)   result=479d   expected=479d   OK

>>> INPUT  SENT   | cyc=343 | $time=3440 | column 342 of 768
      lane=0  elem=342  (tile 22)   a=4399  b=4455  c=c16f  d=4461

<<< OUTPUT READY  | cyc=343 | $time=3440 | column 339 of 768
      lane=0  elem=339  (tile 19)   result=45e0   expected=45e0   OK

>>> INPUT  SENT   | cyc=344 | $time=3450 | column 343 of 768
      lane=0  elem=343  (tile 23)   a=4448  b=c32b  c=43eb  d=c3da

<<< OUTPUT READY  | cyc=344 | $time=3450 | column 340 of 768
      lane=0  elem=340  (tile 20)   result=4784   expected=4784   OK

>>> INPUT  SENT   | cyc=345 | $time=3460 | column 344 of 768
      lane=0  elem=344  (tile 24)   a=c425  b=4402  c=445e  d=c31f

<<< OUTPUT READY  | cyc=345 | $time=3460 | column 341 of 768
      lane=0  elem=341  (tile 21)   result=48b6   expected=48b6   OK

>>> INPUT  SENT   | cyc=346 | $time=3470 | column 345 of 768
      lane=0  elem=345  (tile 25)   a=c405  b=c46e  c=413e  d=438e

<<< OUTPUT READY  | cyc=346 | $time=3470 | column 342 of 768
      lane=0  elem=342  (tile 22)   result=4871   expected=4871   OK

>>> INPUT  SENT   | cyc=347 | $time=3480 | column 346 of 768
      lane=0  elem=346  (tile 26)   a=c386  b=c3a5  c=4475  d=4207

<<< OUTPUT READY  | cyc=347 | $time=3480 | column 343 of 768
      lane=0  elem=343  (tile 23)   result=c8a6   expected=c8a6   OK

>>> INPUT  SENT   | cyc=348 | $time=3490 | column 347 of 768
      lane=0  elem=347  (tile 27)   a=c435  b=c40d  c=c3e9  d=c3d0

<<< OUTPUT READY  | cyc=348 | $time=3490 | column 344 of 768
      lane=0  elem=344  (tile 24)   result=c8eb   expected=c8eb   OK

>>> INPUT  SENT   | cyc=349 | $time=3500 | column 348 of 768
      lane=0  elem=348  (tile 28)   a=4375  b=4447  c=c478  d=c293

<<< OUTPUT READY  | cyc=349 | $time=3500 | column 345 of 768
      lane=0  elem=345  (tile 25)   result=48f8   expected=48f8   OK

>>> INPUT  SENT   | cyc=350 | $time=3510 | column 349 of 768
      lane=0  elem=349  (tile 29)   a=c401  b=4444  c=c330  d=442e

<<< OUTPUT READY  | cyc=350 | $time=3510 | column 346 of 768
      lane=0  elem=346  (tile 26)   result=47ec   expected=47ec   OK

>>> INPUT  SENT   | cyc=351 | $time=3520 | column 350 of 768
      lane=0  elem=350  (tile 30)   a=443a  b=c3fe  c=441a  d=4320

<<< OUTPUT READY  | cyc=351 | $time=3520 | column 347 of 768
      lane=0  elem=347  (tile 27)   result=4912   expected=4912   OK

>>> INPUT  SENT   | cyc=352 | $time=3530 | column 351 of 768
      lane=0  elem=351  (tile 31)   a=43dd  b=c41f  c=444c  d=c36c

<<< OUTPUT READY  | cyc=352 | $time=3530 | column 348 of 768
      lane=0  elem=348  (tile 28)   result=4882   expected=4882   OK

>>> INPUT  SENT   | cyc=353 | $time=3540 | column 352 of 768
      lane=0  elem=352  (tile 32)   a=43a8  b=42fa  c=c437  d=c2ec

<<< OUTPUT READY  | cyc=353 | $time=3540 | column 349 of 768
      lane=0  elem=349  (tile 29)   result=c900   expected=c900   OK

>>> INPUT  SENT   | cyc=354 | $time=3550 | column 353 of 768
      lane=0  elem=353  (tile 33)   a=4321  b=43ca  c=4383  d=43f8

<<< OUTPUT READY  | cyc=354 | $time=3550 | column 350 of 768
      lane=0  elem=350  (tile 30)   result=c888   expected=c888   OK

>>> INPUT  SENT   | cyc=355 | $time=3560 | column 354 of 768
      lane=0  elem=354  (tile 34)   a=c415  b=42b7  c=c41e  d=c41c

<<< OUTPUT READY  | cyc=355 | $time=3560 | column 351 of 768
      lane=0  elem=351  (tile 31)   result=c8e7   expected=c8e7   OK

>>> INPUT  SENT   | cyc=356 | $time=3570 | column 355 of 768
      lane=0  elem=355  (tile 35)   a=c35d  b=4372  c=42ee  d=4399

<<< OUTPUT READY  | cyc=356 | $time=3570 | column 352 of 768
      lane=0  elem=352  (tile 32)   result=47fa   expected=47fa   OK

>>> INPUT  SENT   | cyc=357 | $time=3580 | column 356 of 768
      lane=0  elem=356  (tile 36)   a=444e  b=444e  c=42fd  d=4448

<<< OUTPUT READY  | cyc=357 | $time=3580 | column 353 of 768
      lane=0  elem=353  (tile 33)   result=483e   expected=483e   OK

>>> INPUT  SENT   | cyc=358 | $time=3590 | column 357 of 768
      lane=0  elem=357  (tile 37)   a=4447  b=c3f0  c=442a  d=c425

<<< OUTPUT READY  | cyc=358 | $time=3590 | column 354 of 768
      lane=0  elem=354  (tile 34)   result=48a6   expected=48a6   OK

>>> INPUT  SENT   | cyc=359 | $time=3600 | column 358 of 768
      lane=0  elem=358  (tile 38)   a=c381  b=4403  c=43cc  d=c405

<<< OUTPUT READY  | cyc=359 | $time=3600 | column 355 of 768
      lane=0  elem=355  (tile 35)   result=c684   expected=c684   OK

>>> INPUT  SENT   | cyc=360 | $time=3610 | column 359 of 768
      lane=0  elem=359  (tile 39)   a=4455  b=c16f  c=4461  d=c386

<<< OUTPUT READY  | cyc=360 | $time=3610 | column 356 of 768
      lane=0  elem=356  (tile 36)   result=493d   expected=493d   OK

>>> INPUT  SENT   | cyc=361 | $time=3620 | column 360 of 768
      lane=0  elem=360  (tile 40)   a=c32b  b=43eb  c=c3da  d=c435

<<< OUTPUT READY  | cyc=361 | $time=3620 | column 357 of 768
      lane=0  elem=357  (tile 37)   result=c94a   expected=c94a   OK

>>> INPUT  SENT   | cyc=362 | $time=3630 | column 361 of 768
      lane=0  elem=361  (tile 41)   a=4402  b=445e  c=c31f  d=4375

<<< OUTPUT READY  | cyc=362 | $time=3630 | column 358 of 768
      lane=0  elem=358  (tile 38)   result=c8ab   expected=c8ab   OK

>>> INPUT  SENT   | cyc=363 | $time=3640 | column 362 of 768
      lane=0  elem=362  (tile 42)   a=c46e  b=413e  c=438e  d=c401

<<< OUTPUT READY  | cyc=363 | $time=3640 | column 359 of 768
      lane=0  elem=359  (tile 39)   result=c877   expected=c877   OK

>>> INPUT  SENT   | cyc=364 | $time=3650 | column 363 of 768
      lane=0  elem=363  (tile 43)   a=c3a5  b=4475  c=4207  d=443a

<<< OUTPUT READY  | cyc=364 | $time=3650 | column 360 of 768
      lane=0  elem=360  (tile 40)   result=4866   expected=4866   OK

>>> INPUT  SENT   | cyc=365 | $time=3660 | column 364 of 768
      lane=0  elem=364  (tile 44)   a=c40d  b=c3e9  c=c3d0  d=43dd

<<< OUTPUT READY  | cyc=365 | $time=3660 | column 361 of 768
      lane=0  elem=361  (tile 41)   result=48ce   expected=48ce   OK

>>> INPUT  SENT   | cyc=366 | $time=3670 | column 365 of 768
      lane=0  elem=365  (tile 45)   a=4447  b=c478  c=c293  d=43a8

<<< OUTPUT READY  | cyc=366 | $time=3670 | column 362 of 768
      lane=0  elem=362  (tile 42)   result=c81a   expected=c81a   OK

>>> INPUT  SENT   | cyc=367 | $time=3680 | column 366 of 768
      lane=0  elem=366  (tile 46)   a=4444  b=c330  c=442e  d=4321

<<< OUTPUT READY  | cyc=367 | $time=3680 | column 363 of 768
      lane=0  elem=363  (tile 43)   result=c891   expected=c891   OK

>>> INPUT  SENT   | cyc=368 | $time=3690 | column 367 of 768
      lane=0  elem=367  (tile 47)   a=c3fe  b=441a  c=4320  d=c415

<<< OUTPUT READY  | cyc=368 | $time=3690 | column 364 of 768
      lane=0  elem=364  (tile 44)   result=479c   expected=479c   OK

>>> INPUT  SENT   | cyc=369 | $time=3700 | column 368 of 768
      lane=0  elem=368  (tile 48)   a=c41f  b=444c  c=c36c  d=c35d

<<< OUTPUT READY  | cyc=369 | $time=3700 | column 365 of 768
      lane=0  elem=365  (tile 45)   result=c946   expected=c946   OK

>>> INPUT  SENT   | cyc=370 | $time=3710 | column 369 of 768
      lane=0  elem=369  (tile 49)   a=42fa  b=c437  c=c2ec  d=444e

<<< OUTPUT READY  | cyc=370 | $time=3710 | column 366 of 768
      lane=0  elem=366  (tile 46)   result=c6c8   expected=c6c8   OK

>>> INPUT  SENT   | cyc=371 | $time=3720 | column 370 of 768
      lane=0  elem=370  (tile 50)   a=43ca  b=4383  c=43f8  d=4447

<<< OUTPUT READY  | cyc=371 | $time=3720 | column 367 of 768
      lane=0  elem=367  (tile 47)   result=c8c6   expected=c8c6   OK

>>> INPUT  SENT   | cyc=372 | $time=3730 | column 371 of 768
      lane=0  elem=371  (tile 51)   a=42b7  b=c41e  c=c41c  d=c381

<<< OUTPUT READY  | cyc=372 | $time=3730 | column 368 of 768
      lane=0  elem=368  (tile 48)   result=c8e4   expected=c8e4   OK

>>> INPUT  SENT   | cyc=373 | $time=3740 | column 372 of 768
      lane=0  elem=372  (tile 52)   a=4372  b=42ee  c=4399  d=4455

<<< OUTPUT READY  | cyc=373 | $time=3740 | column 369 of 768
      lane=0  elem=369  (tile 49)   result=c837   expected=c837   OK

>>> INPUT  SENT   | cyc=374 | $time=3750 | column 373 of 768
      lane=0  elem=373  (tile 53)   a=444e  b=42fd  c=4448  d=c32b

<<< OUTPUT READY  | cyc=374 | $time=3750 | column 370 of 768
      lane=0  elem=370  (tile 50)   result=48f3   expected=48f3   OK

>>> INPUT  SENT   | cyc=375 | $time=3760 | column 374 of 768
      lane=0  elem=374  (tile 54)   a=c3f0  b=442a  c=c425  d=4402

<<< OUTPUT READY  | cyc=375 | $time=3760 | column 371 of 768
      lane=0  elem=371  (tile 51)   result=47ca   expected=47ca   OK

>>> INPUT  SENT   | cyc=376 | $time=3770 | column 375 of 768
      lane=0  elem=375  (tile 55)   a=4403  b=43cc  c=c405  d=c46e

<<< OUTPUT READY  | cyc=376 | $time=3770 | column 372 of 768
      lane=0  elem=372  (tile 52)   result=488d   expected=488d   OK

>>> INPUT  SENT   | cyc=377 | $time=3780 | column 376 of 768
      lane=0  elem=376  (tile 56)   a=c16f  b=4461  c=c386  d=c3a5

<<< OUTPUT READY  | cyc=377 | $time=3780 | column 373 of 768
      lane=0  elem=373  (tile 53)   result=c700   expected=c700   OK

>>> INPUT  SENT   | cyc=378 | $time=3790 | column 377 of 768
      lane=0  elem=377  (tile 57)   a=43eb  b=c3da  c=c435  d=c40d

<<< OUTPUT READY  | cyc=378 | $time=3790 | column 374 of 768
      lane=0  elem=374  (tile 54)   result=c923   expected=c923   OK

>>> INPUT  SENT   | cyc=379 | $time=3800 | column 378 of 768
      lane=0  elem=378  (tile 58)   a=445e  b=c31f  c=4375  d=4447

<<< OUTPUT READY  | cyc=379 | $time=3800 | column 375 of 768
      lane=0  elem=375  (tile 55)   result=492f   expected=492f   OK

>>> INPUT  SENT   | cyc=380 | $time=3810 | column 379 of 768
      lane=0  elem=379  (tile 59)   a=413e  b=438e  c=c401  d=4444

<<< OUTPUT READY  | cyc=380 | $time=3810 | column 376 of 768
      lane=0  elem=376  (tile 56)   result=4792   expected=4792   OK

>>> INPUT  SENT   | cyc=381 | $time=3820 | column 380 of 768
      lane=0  elem=380  (tile 60)   a=4475  b=4207  c=443a  d=c3fe

<<< OUTPUT READY  | cyc=381 | $time=3820 | column 377 of 768
      lane=0  elem=377  (tile 57)   result=4846   expected=4846   OK

>>> INPUT  SENT   | cyc=382 | $time=3830 | column 381 of 768
      lane=0  elem=381  (tile 61)   a=c3e9  b=c3d0  c=43dd  d=c41f

<<< OUTPUT READY  | cyc=382 | $time=3830 | column 378 of 768
      lane=0  elem=378  (tile 58)   result=4754   expected=4754   OK

>>> INPUT  SENT   | cyc=383 | $time=3840 | column 382 of 768
      lane=0  elem=382  (tile 62)   a=c478  b=c293  c=43a8  d=42fa

<<< OUTPUT READY  | cyc=383 | $time=3840 | column 379 of 768
      lane=0  elem=379  (tile 59)   result=c8c4   expected=c8c4   OK

>>> INPUT  SENT   | cyc=384 | $time=3850 | column 383 of 768
      lane=0  elem=383  (tile 63)   a=c330  b=442e  c=4321  d=43ca

<<< OUTPUT READY  | cyc=384 | $time=3850 | column 380 of 768
      lane=0  elem=380  (tile 60)   result=c8a8   expected=c8a8   OK

>>> INPUT  SENT   | cyc=385 | $time=3860 | column 384 of 768
      lane=0  elem=384  (tile 0)   a=441a  b=4320  c=c415  d=42b7

<<< OUTPUT READY  | cyc=385 | $time=3860 | column 381 of 768
      lane=0  elem=381  (tile 61)   result=c7ac   expected=c7ac   OK

>>> INPUT  SENT   | cyc=386 | $time=3870 | column 385 of 768
      lane=0  elem=385  (tile 1)   a=444c  b=c36c  c=c35d  d=4372

<<< OUTPUT READY  | cyc=386 | $time=3870 | column 382 of 768
      lane=0  elem=382  (tile 62)   result=47e0   expected=47e0   OK

>>> INPUT  SENT   | cyc=387 | $time=3880 | column 386 of 768
      lane=0  elem=386  (tile 2)   a=c437  b=c2ec  c=444e  d=444e

<<< OUTPUT READY  | cyc=387 | $time=3880 | column 383 of 768
      lane=0  elem=383  (tile 63)   result=c760   expected=c760   OK

>>> INPUT  SENT   | cyc=388 | $time=3890 | column 387 of 768
      lane=0  elem=387  (tile 3)   a=4383  b=43f8  c=4447  d=c3f0

<<< OUTPUT READY  | cyc=388 | $time=3890 | column 384 of 768
      lane=0  elem=384  (tile 0)   result=472c   expected=472c   OK

>>> INPUT  SENT   | cyc=389 | $time=3900 | column 388 of 768
      lane=0  elem=388  (tile 4)   a=c41e  b=c41c  c=c381  d=4403

<<< OUTPUT READY  | cyc=389 | $time=3900 | column 385 of 768
      lane=0  elem=385  (tile 1)   result=c870   expected=c870   OK

>>> INPUT  SENT   | cyc=390 | $time=3910 | column 389 of 768
      lane=0  elem=389  (tile 5)   a=42ee  b=4399  c=4455  d=c16f

<<< OUTPUT READY  | cyc=390 | $time=3910 | column 386 of 768
      lane=0  elem=386  (tile 2)   result=493a   expected=493a   OK

>>> INPUT  SENT   | cyc=391 | $time=3920 | column 390 of 768
      lane=0  elem=390  (tile 6)   a=42fd  b=4448  c=c32b  d=43eb

<<< OUTPUT READY  | cyc=391 | $time=3920 | column 387 of 768
      lane=0  elem=387  (tile 3)   result=c876   expected=c876   OK

>>> INPUT  SENT   | cyc=392 | $time=3930 | column 391 of 768
      lane=0  elem=391  (tile 7)   a=442a  b=c425  c=4402  d=445e

<<< OUTPUT READY  | cyc=392 | $time=3930 | column 388 of 768
      lane=0  elem=388  (tile 4)   result=487c   expected=487c   OK

>>> INPUT  SENT   | cyc=393 | $time=3940 | column 392 of 768
      lane=0  elem=392  (tile 8)   a=43cc  b=c405  c=c46e  d=413e

<<< OUTPUT READY  | cyc=393 | $time=3940 | column 389 of 768
      lane=0  elem=389  (tile 5)   result=46ba   expected=46ba   OK

>>> INPUT  SENT   | cyc=394 | $time=3950 | column 393 of 768
      lane=0  elem=393  (tile 9)   a=4461  b=c386  c=c3a5  d=4475

<<< OUTPUT READY  | cyc=394 | $time=3950 | column 390 of 768
      lane=0  elem=390  (tile 6)   result=46a4   expected=46a4   OK

>>> INPUT  SENT   | cyc=395 | $time=3960 | column 394 of 768
      lane=0  elem=394  (tile 10)   a=c3da  b=c435  c=c40d  d=c3e9

<<< OUTPUT READY  | cyc=395 | $time=3960 | column 391 of 768
      lane=0  elem=391  (tile 7)   result=4640   expected=4640   OK

>>> INPUT  SENT   | cyc=396 | $time=3970 | column 395 of 768
      lane=0  elem=395  (tile 11)   a=c31f  b=4375  c=4447  d=c478

<<< OUTPUT READY  | cyc=396 | $time=3970 | column 392 of 768
      lane=0  elem=392  (tile 8)   result=c85e   expected=c85e   OK

>>> INPUT  SENT   | cyc=397 | $time=3980 | column 396 of 768
      lane=0  elem=396  (tile 12)   a=438e  b=c401  c=4444  d=c330

<<< OUTPUT READY  | cyc=397 | $time=3980 | column 393 of 768
      lane=0  elem=393  (tile 9)   result=c909   expected=c909   OK

>>> INPUT  SENT   | cyc=398 | $time=3990 | column 397 of 768
      lane=0  elem=397  (tile 13)   a=4207  b=443a  c=c3fe  d=441a

<<< OUTPUT READY  | cyc=398 | $time=3990 | column 394 of 768
      lane=0  elem=394  (tile 10)   result=490d   expected=490d   OK

>>> INPUT  SENT   | cyc=399 | $time=4000 | column 398 of 768
      lane=0  elem=398  (tile 14)   a=c3d0  b=43dd  c=c41f  d=444c

<<< OUTPUT READY  | cyc=399 | $time=4000 | column 395 of 768
      lane=0  elem=395  (tile 11)   result=c949   expected=c949   OK

>>> INPUT  SENT   | cyc=400 | $time=4010 | column 399 of 768
      lane=0  elem=399  (tile 15)   a=c293  b=43a8  c=42fa  d=c437

<<< OUTPUT READY  | cyc=400 | $time=4010 | column 396 of 768
      lane=0  elem=396  (tile 12)   result=c88a   expected=c88a   OK

>>> INPUT  SENT   | cyc=401 | $time=4020 | column 400 of 768
      lane=0  elem=400  (tile 16)   a=442e  b=4321  c=43ca  d=4383

<<< OUTPUT READY  | cyc=401 | $time=4020 | column 397 of 768
      lane=0  elem=397  (tile 13)   result=c88c   expected=c88c   OK

>>> INPUT  SENT   | cyc=402 | $time=4030 | column 401 of 768
      lane=0  elem=401  (tile 17)   a=4320  b=c415  c=42b7  d=c41e

<<< OUTPUT READY  | cyc=402 | $time=4030 | column 398 of 768
      lane=0  elem=398  (tile 14)   result=c92b   expected=c92b   OK

>>> INPUT  SENT   | cyc=403 | $time=4040 | column 402 of 768
      lane=0  elem=402  (tile 18)   a=c36c  b=c35d  c=4372  d=42ee

<<< OUTPUT READY  | cyc=403 | $time=4040 | column 399 of 768
      lane=0  elem=399  (tile 15)   result=c7e2   expected=c7e2   OK

>>> INPUT  SENT   | cyc=404 | $time=4050 | column 403 of 768
      lane=0  elem=403  (tile 19)   a=c2ec  b=444e  c=444e  d=42fd

<<< OUTPUT READY  | cyc=404 | $time=4050 | column 400 of 768
      lane=0  elem=400  (tile 16)   result=4854   expected=4854   OK

>>> INPUT  SENT   | cyc=405 | $time=4060 | column 404 of 768
      lane=0  elem=404  (tile 20)   a=43f8  b=4447  c=c3f0  d=442a

<<< OUTPUT READY  | cyc=405 | $time=4060 | column 401 of 768
      lane=0  elem=401  (tile 17)   result=c815   expected=c815   OK

>>> INPUT  SENT   | cyc=406 | $time=4070 | column 405 of 768
      lane=0  elem=405  (tile 21)   a=c41c  b=c381  c=4403  d=43cc

<<< OUTPUT READY  | cyc=406 | $time=4070 | column 402 of 768
      lane=0  elem=402  (tile 18)   result=479d   expected=479d   OK

>>> INPUT  SENT   | cyc=407 | $time=4080 | column 406 of 768
      lane=0  elem=406  (tile 22)   a=4399  b=4455  c=c16f  d=4461

<<< OUTPUT READY  | cyc=407 | $time=4080 | column 403 of 768
      lane=0  elem=403  (tile 19)   result=45e0   expected=45e0   OK

>>> INPUT  SENT   | cyc=408 | $time=4090 | column 407 of 768
      lane=0  elem=407  (tile 23)   a=4448  b=c32b  c=43eb  d=c3da

<<< OUTPUT READY  | cyc=408 | $time=4090 | column 404 of 768
      lane=0  elem=404  (tile 20)   result=4784   expected=4784   OK

>>> INPUT  SENT   | cyc=409 | $time=4100 | column 408 of 768
      lane=0  elem=408  (tile 24)   a=c425  b=4402  c=445e  d=c31f

<<< OUTPUT READY  | cyc=409 | $time=4100 | column 405 of 768
      lane=0  elem=405  (tile 21)   result=48b6   expected=48b6   OK

>>> INPUT  SENT   | cyc=410 | $time=4110 | column 409 of 768
      lane=0  elem=409  (tile 25)   a=c405  b=c46e  c=413e  d=438e

<<< OUTPUT READY  | cyc=410 | $time=4110 | column 406 of 768
      lane=0  elem=406  (tile 22)   result=4871   expected=4871   OK

>>> INPUT  SENT   | cyc=411 | $time=4120 | column 410 of 768
      lane=0  elem=410  (tile 26)   a=c386  b=c3a5  c=4475  d=4207

<<< OUTPUT READY  | cyc=411 | $time=4120 | column 407 of 768
      lane=0  elem=407  (tile 23)   result=c8a6   expected=c8a6   OK

>>> INPUT  SENT   | cyc=412 | $time=4130 | column 411 of 768
      lane=0  elem=411  (tile 27)   a=c435  b=c40d  c=c3e9  d=c3d0

<<< OUTPUT READY  | cyc=412 | $time=4130 | column 408 of 768
      lane=0  elem=408  (tile 24)   result=c8eb   expected=c8eb   OK

>>> INPUT  SENT   | cyc=413 | $time=4140 | column 412 of 768
      lane=0  elem=412  (tile 28)   a=4375  b=4447  c=c478  d=c293

<<< OUTPUT READY  | cyc=413 | $time=4140 | column 409 of 768
      lane=0  elem=409  (tile 25)   result=48f8   expected=48f8   OK

>>> INPUT  SENT   | cyc=414 | $time=4150 | column 413 of 768
      lane=0  elem=413  (tile 29)   a=c401  b=4444  c=c330  d=442e

<<< OUTPUT READY  | cyc=414 | $time=4150 | column 410 of 768
      lane=0  elem=410  (tile 26)   result=47ec   expected=47ec   OK

>>> INPUT  SENT   | cyc=415 | $time=4160 | column 414 of 768
      lane=0  elem=414  (tile 30)   a=443a  b=c3fe  c=441a  d=4320

<<< OUTPUT READY  | cyc=415 | $time=4160 | column 411 of 768
      lane=0  elem=411  (tile 27)   result=4912   expected=4912   OK
+---------------------------------------------------------------
| SPOT CHECK  elem=411  (tile idx 27)   col=411  lane=0  cyc=415
|    a = c435     b = c40d
|    c = c3e9     d = c3d0
|    a*b       = 48c7
|    c*d       = 483d
|    a*b + c*d = 4912   <- reference
|    DUT result= 4912   OK
+---------------------------------------------------------------

>>> INPUT  SENT   | cyc=416 | $time=4170 | column 415 of 768
      lane=0  elem=415  (tile 31)   a=43dd  b=c41f  c=444c  d=c36c

<<< OUTPUT READY  | cyc=416 | $time=4170 | column 412 of 768
      lane=0  elem=412  (tile 28)   result=4882   expected=4882   OK

>>> INPUT  SENT   | cyc=417 | $time=4180 | column 416 of 768
      lane=0  elem=416  (tile 32)   a=43a8  b=42fa  c=c437  d=c2ec

<<< OUTPUT READY  | cyc=417 | $time=4180 | column 413 of 768
      lane=0  elem=413  (tile 29)   result=c900   expected=c900   OK

>>> INPUT  SENT   | cyc=418 | $time=4190 | column 417 of 768
      lane=0  elem=417  (tile 33)   a=4321  b=43ca  c=4383  d=43f8

<<< OUTPUT READY  | cyc=418 | $time=4190 | column 414 of 768
      lane=0  elem=414  (tile 30)   result=c888   expected=c888   OK

>>> INPUT  SENT   | cyc=419 | $time=4200 | column 418 of 768
      lane=0  elem=418  (tile 34)   a=c415  b=42b7  c=c41e  d=c41c

<<< OUTPUT READY  | cyc=419 | $time=4200 | column 415 of 768
      lane=0  elem=415  (tile 31)   result=c8e7   expected=c8e7   OK

>>> INPUT  SENT   | cyc=420 | $time=4210 | column 419 of 768
      lane=0  elem=419  (tile 35)   a=c35d  b=4372  c=42ee  d=4399

<<< OUTPUT READY  | cyc=420 | $time=4210 | column 416 of 768
      lane=0  elem=416  (tile 32)   result=47fa   expected=47fa   OK

>>> INPUT  SENT   | cyc=421 | $time=4220 | column 420 of 768
      lane=0  elem=420  (tile 36)   a=444e  b=444e  c=42fd  d=4448

<<< OUTPUT READY  | cyc=421 | $time=4220 | column 417 of 768
      lane=0  elem=417  (tile 33)   result=483e   expected=483e   OK

>>> INPUT  SENT   | cyc=422 | $time=4230 | column 421 of 768
      lane=0  elem=421  (tile 37)   a=4447  b=c3f0  c=442a  d=c425

<<< OUTPUT READY  | cyc=422 | $time=4230 | column 418 of 768
      lane=0  elem=418  (tile 34)   result=48a6   expected=48a6   OK

>>> INPUT  SENT   | cyc=423 | $time=4240 | column 422 of 768
      lane=0  elem=422  (tile 38)   a=c381  b=4403  c=43cc  d=c405

<<< OUTPUT READY  | cyc=423 | $time=4240 | column 419 of 768
      lane=0  elem=419  (tile 35)   result=c684   expected=c684   OK

>>> INPUT  SENT   | cyc=424 | $time=4250 | column 423 of 768
      lane=0  elem=423  (tile 39)   a=4455  b=c16f  c=4461  d=c386

<<< OUTPUT READY  | cyc=424 | $time=4250 | column 420 of 768
      lane=0  elem=420  (tile 36)   result=493d   expected=493d   OK

>>> INPUT  SENT   | cyc=425 | $time=4260 | column 424 of 768
      lane=0  elem=424  (tile 40)   a=c32b  b=43eb  c=c3da  d=c435

<<< OUTPUT READY  | cyc=425 | $time=4260 | column 421 of 768
      lane=0  elem=421  (tile 37)   result=c94a   expected=c94a   OK

>>> INPUT  SENT   | cyc=426 | $time=4270 | column 425 of 768
      lane=0  elem=425  (tile 41)   a=4402  b=445e  c=c31f  d=4375

<<< OUTPUT READY  | cyc=426 | $time=4270 | column 422 of 768
      lane=0  elem=422  (tile 38)   result=c8ab   expected=c8ab   OK

>>> INPUT  SENT   | cyc=427 | $time=4280 | column 426 of 768
      lane=0  elem=426  (tile 42)   a=c46e  b=413e  c=438e  d=c401

<<< OUTPUT READY  | cyc=427 | $time=4280 | column 423 of 768
      lane=0  elem=423  (tile 39)   result=c877   expected=c877   OK

>>> INPUT  SENT   | cyc=428 | $time=4290 | column 427 of 768
      lane=0  elem=427  (tile 43)   a=c3a5  b=4475  c=4207  d=443a

<<< OUTPUT READY  | cyc=428 | $time=4290 | column 424 of 768
      lane=0  elem=424  (tile 40)   result=4866   expected=4866   OK

>>> INPUT  SENT   | cyc=429 | $time=4300 | column 428 of 768
      lane=0  elem=428  (tile 44)   a=c40d  b=c3e9  c=c3d0  d=43dd

<<< OUTPUT READY  | cyc=429 | $time=4300 | column 425 of 768
      lane=0  elem=425  (tile 41)   result=48ce   expected=48ce   OK

>>> INPUT  SENT   | cyc=430 | $time=4310 | column 429 of 768
      lane=0  elem=429  (tile 45)   a=4447  b=c478  c=c293  d=43a8

<<< OUTPUT READY  | cyc=430 | $time=4310 | column 426 of 768
      lane=0  elem=426  (tile 42)   result=c81a   expected=c81a   OK

>>> INPUT  SENT   | cyc=431 | $time=4320 | column 430 of 768
      lane=0  elem=430  (tile 46)   a=4444  b=c330  c=442e  d=4321

<<< OUTPUT READY  | cyc=431 | $time=4320 | column 427 of 768
      lane=0  elem=427  (tile 43)   result=c891   expected=c891   OK

>>> INPUT  SENT   | cyc=432 | $time=4330 | column 431 of 768
      lane=0  elem=431  (tile 47)   a=c3fe  b=441a  c=4320  d=c415

<<< OUTPUT READY  | cyc=432 | $time=4330 | column 428 of 768
      lane=0  elem=428  (tile 44)   result=479c   expected=479c   OK

>>> INPUT  SENT   | cyc=433 | $time=4340 | column 432 of 768
      lane=0  elem=432  (tile 48)   a=c41f  b=444c  c=c36c  d=c35d

<<< OUTPUT READY  | cyc=433 | $time=4340 | column 429 of 768
      lane=0  elem=429  (tile 45)   result=c946   expected=c946   OK

>>> INPUT  SENT   | cyc=434 | $time=4350 | column 433 of 768
      lane=0  elem=433  (tile 49)   a=42fa  b=c437  c=c2ec  d=444e

<<< OUTPUT READY  | cyc=434 | $time=4350 | column 430 of 768
      lane=0  elem=430  (tile 46)   result=c6c8   expected=c6c8   OK

>>> INPUT  SENT   | cyc=435 | $time=4360 | column 434 of 768
      lane=0  elem=434  (tile 50)   a=43ca  b=4383  c=43f8  d=4447

<<< OUTPUT READY  | cyc=435 | $time=4360 | column 431 of 768
      lane=0  elem=431  (tile 47)   result=c8c6   expected=c8c6   OK

>>> INPUT  SENT   | cyc=436 | $time=4370 | column 435 of 768
      lane=0  elem=435  (tile 51)   a=42b7  b=c41e  c=c41c  d=c381

<<< OUTPUT READY  | cyc=436 | $time=4370 | column 432 of 768
      lane=0  elem=432  (tile 48)   result=c8e4   expected=c8e4   OK

>>> INPUT  SENT   | cyc=437 | $time=4380 | column 436 of 768
      lane=0  elem=436  (tile 52)   a=4372  b=42ee  c=4399  d=4455

<<< OUTPUT READY  | cyc=437 | $time=4380 | column 433 of 768
      lane=0  elem=433  (tile 49)   result=c837   expected=c837   OK

>>> INPUT  SENT   | cyc=438 | $time=4390 | column 437 of 768
      lane=0  elem=437  (tile 53)   a=444e  b=42fd  c=4448  d=c32b

<<< OUTPUT READY  | cyc=438 | $time=4390 | column 434 of 768
      lane=0  elem=434  (tile 50)   result=48f3   expected=48f3   OK

>>> INPUT  SENT   | cyc=439 | $time=4400 | column 438 of 768
      lane=0  elem=438  (tile 54)   a=c3f0  b=442a  c=c425  d=4402

<<< OUTPUT READY  | cyc=439 | $time=4400 | column 435 of 768
      lane=0  elem=435  (tile 51)   result=47ca   expected=47ca   OK

>>> INPUT  SENT   | cyc=440 | $time=4410 | column 439 of 768
      lane=0  elem=439  (tile 55)   a=4403  b=43cc  c=c405  d=c46e

<<< OUTPUT READY  | cyc=440 | $time=4410 | column 436 of 768
      lane=0  elem=436  (tile 52)   result=488d   expected=488d   OK

>>> INPUT  SENT   | cyc=441 | $time=4420 | column 440 of 768
      lane=0  elem=440  (tile 56)   a=c16f  b=4461  c=c386  d=c3a5

<<< OUTPUT READY  | cyc=441 | $time=4420 | column 437 of 768
      lane=0  elem=437  (tile 53)   result=c700   expected=c700   OK

>>> INPUT  SENT   | cyc=442 | $time=4430 | column 441 of 768
      lane=0  elem=441  (tile 57)   a=43eb  b=c3da  c=c435  d=c40d

<<< OUTPUT READY  | cyc=442 | $time=4430 | column 438 of 768
      lane=0  elem=438  (tile 54)   result=c923   expected=c923   OK

>>> INPUT  SENT   | cyc=443 | $time=4440 | column 442 of 768
      lane=0  elem=442  (tile 58)   a=445e  b=c31f  c=4375  d=4447

<<< OUTPUT READY  | cyc=443 | $time=4440 | column 439 of 768
      lane=0  elem=439  (tile 55)   result=492f   expected=492f   OK

>>> INPUT  SENT   | cyc=444 | $time=4450 | column 443 of 768
      lane=0  elem=443  (tile 59)   a=413e  b=438e  c=c401  d=4444

<<< OUTPUT READY  | cyc=444 | $time=4450 | column 440 of 768
      lane=0  elem=440  (tile 56)   result=4792   expected=4792   OK

>>> INPUT  SENT   | cyc=445 | $time=4460 | column 444 of 768
      lane=0  elem=444  (tile 60)   a=4475  b=4207  c=443a  d=c3fe

<<< OUTPUT READY  | cyc=445 | $time=4460 | column 441 of 768
      lane=0  elem=441  (tile 57)   result=4846   expected=4846   OK

>>> INPUT  SENT   | cyc=446 | $time=4470 | column 445 of 768
      lane=0  elem=445  (tile 61)   a=c3e9  b=c3d0  c=43dd  d=c41f

<<< OUTPUT READY  | cyc=446 | $time=4470 | column 442 of 768
      lane=0  elem=442  (tile 58)   result=4754   expected=4754   OK

>>> INPUT  SENT   | cyc=447 | $time=4480 | column 446 of 768
      lane=0  elem=446  (tile 62)   a=c478  b=c293  c=43a8  d=42fa

<<< OUTPUT READY  | cyc=447 | $time=4480 | column 443 of 768
      lane=0  elem=443  (tile 59)   result=c8c4   expected=c8c4   OK

>>> INPUT  SENT   | cyc=448 | $time=4490 | column 447 of 768
      lane=0  elem=447  (tile 63)   a=c330  b=442e  c=4321  d=43ca

<<< OUTPUT READY  | cyc=448 | $time=4490 | column 444 of 768
      lane=0  elem=444  (tile 60)   result=c8a8   expected=c8a8   OK

>>> INPUT  SENT   | cyc=449 | $time=4500 | column 448 of 768
      lane=0  elem=448  (tile 0)   a=441a  b=4320  c=c415  d=42b7

<<< OUTPUT READY  | cyc=449 | $time=4500 | column 445 of 768
      lane=0  elem=445  (tile 61)   result=c7ac   expected=c7ac   OK

>>> INPUT  SENT   | cyc=450 | $time=4510 | column 449 of 768
      lane=0  elem=449  (tile 1)   a=444c  b=c36c  c=c35d  d=4372

<<< OUTPUT READY  | cyc=450 | $time=4510 | column 446 of 768
      lane=0  elem=446  (tile 62)   result=47e0   expected=47e0   OK

>>> INPUT  SENT   | cyc=451 | $time=4520 | column 450 of 768
      lane=0  elem=450  (tile 2)   a=c437  b=c2ec  c=444e  d=444e

<<< OUTPUT READY  | cyc=451 | $time=4520 | column 447 of 768
      lane=0  elem=447  (tile 63)   result=c760   expected=c760   OK

>>> INPUT  SENT   | cyc=452 | $time=4530 | column 451 of 768
      lane=0  elem=451  (tile 3)   a=4383  b=43f8  c=4447  d=c3f0

<<< OUTPUT READY  | cyc=452 | $time=4530 | column 448 of 768
      lane=0  elem=448  (tile 0)   result=472c   expected=472c   OK

>>> INPUT  SENT   | cyc=453 | $time=4540 | column 452 of 768
      lane=0  elem=452  (tile 4)   a=c41e  b=c41c  c=c381  d=4403

<<< OUTPUT READY  | cyc=453 | $time=4540 | column 449 of 768
      lane=0  elem=449  (tile 1)   result=c870   expected=c870   OK

>>> INPUT  SENT   | cyc=454 | $time=4550 | column 453 of 768
      lane=0  elem=453  (tile 5)   a=42ee  b=4399  c=4455  d=c16f

<<< OUTPUT READY  | cyc=454 | $time=4550 | column 450 of 768
      lane=0  elem=450  (tile 2)   result=493a   expected=493a   OK

>>> INPUT  SENT   | cyc=455 | $time=4560 | column 454 of 768
      lane=0  elem=454  (tile 6)   a=42fd  b=4448  c=c32b  d=43eb

<<< OUTPUT READY  | cyc=455 | $time=4560 | column 451 of 768
      lane=0  elem=451  (tile 3)   result=c876   expected=c876   OK

>>> INPUT  SENT   | cyc=456 | $time=4570 | column 455 of 768
      lane=0  elem=455  (tile 7)   a=442a  b=c425  c=4402  d=445e

<<< OUTPUT READY  | cyc=456 | $time=4570 | column 452 of 768
      lane=0  elem=452  (tile 4)   result=487c   expected=487c   OK

>>> INPUT  SENT   | cyc=457 | $time=4580 | column 456 of 768
      lane=0  elem=456  (tile 8)   a=43cc  b=c405  c=c46e  d=413e

<<< OUTPUT READY  | cyc=457 | $time=4580 | column 453 of 768
      lane=0  elem=453  (tile 5)   result=46ba   expected=46ba   OK

>>> INPUT  SENT   | cyc=458 | $time=4590 | column 457 of 768
      lane=0  elem=457  (tile 9)   a=4461  b=c386  c=c3a5  d=4475

<<< OUTPUT READY  | cyc=458 | $time=4590 | column 454 of 768
      lane=0  elem=454  (tile 6)   result=46a4   expected=46a4   OK

>>> INPUT  SENT   | cyc=459 | $time=4600 | column 458 of 768
      lane=0  elem=458  (tile 10)   a=c3da  b=c435  c=c40d  d=c3e9

<<< OUTPUT READY  | cyc=459 | $time=4600 | column 455 of 768
      lane=0  elem=455  (tile 7)   result=4640   expected=4640   OK

>>> INPUT  SENT   | cyc=460 | $time=4610 | column 459 of 768
      lane=0  elem=459  (tile 11)   a=c31f  b=4375  c=4447  d=c478

<<< OUTPUT READY  | cyc=460 | $time=4610 | column 456 of 768
      lane=0  elem=456  (tile 8)   result=c85e   expected=c85e   OK

>>> INPUT  SENT   | cyc=461 | $time=4620 | column 460 of 768
      lane=0  elem=460  (tile 12)   a=438e  b=c401  c=4444  d=c330

<<< OUTPUT READY  | cyc=461 | $time=4620 | column 457 of 768
      lane=0  elem=457  (tile 9)   result=c909   expected=c909   OK

>>> INPUT  SENT   | cyc=462 | $time=4630 | column 461 of 768
      lane=0  elem=461  (tile 13)   a=4207  b=443a  c=c3fe  d=441a

<<< OUTPUT READY  | cyc=462 | $time=4630 | column 458 of 768
      lane=0  elem=458  (tile 10)   result=490d   expected=490d   OK

>>> INPUT  SENT   | cyc=463 | $time=4640 | column 462 of 768
      lane=0  elem=462  (tile 14)   a=c3d0  b=43dd  c=c41f  d=444c

<<< OUTPUT READY  | cyc=463 | $time=4640 | column 459 of 768
      lane=0  elem=459  (tile 11)   result=c949   expected=c949   OK

>>> INPUT  SENT   | cyc=464 | $time=4650 | column 463 of 768
      lane=0  elem=463  (tile 15)   a=c293  b=43a8  c=42fa  d=c437

<<< OUTPUT READY  | cyc=464 | $time=4650 | column 460 of 768
      lane=0  elem=460  (tile 12)   result=c88a   expected=c88a   OK

>>> INPUT  SENT   | cyc=465 | $time=4660 | column 464 of 768
      lane=0  elem=464  (tile 16)   a=442e  b=4321  c=43ca  d=4383

<<< OUTPUT READY  | cyc=465 | $time=4660 | column 461 of 768
      lane=0  elem=461  (tile 13)   result=c88c   expected=c88c   OK

>>> INPUT  SENT   | cyc=466 | $time=4670 | column 465 of 768
      lane=0  elem=465  (tile 17)   a=4320  b=c415  c=42b7  d=c41e

<<< OUTPUT READY  | cyc=466 | $time=4670 | column 462 of 768
      lane=0  elem=462  (tile 14)   result=c92b   expected=c92b   OK

>>> INPUT  SENT   | cyc=467 | $time=4680 | column 466 of 768
      lane=0  elem=466  (tile 18)   a=c36c  b=c35d  c=4372  d=42ee

<<< OUTPUT READY  | cyc=467 | $time=4680 | column 463 of 768
      lane=0  elem=463  (tile 15)   result=c7e2   expected=c7e2   OK

>>> INPUT  SENT   | cyc=468 | $time=4690 | column 467 of 768
      lane=0  elem=467  (tile 19)   a=c2ec  b=444e  c=444e  d=42fd

<<< OUTPUT READY  | cyc=468 | $time=4690 | column 464 of 768
      lane=0  elem=464  (tile 16)   result=4854   expected=4854   OK

>>> INPUT  SENT   | cyc=469 | $time=4700 | column 468 of 768
      lane=0  elem=468  (tile 20)   a=43f8  b=4447  c=c3f0  d=442a

<<< OUTPUT READY  | cyc=469 | $time=4700 | column 465 of 768
      lane=0  elem=465  (tile 17)   result=c815   expected=c815   OK

>>> INPUT  SENT   | cyc=470 | $time=4710 | column 469 of 768
      lane=0  elem=469  (tile 21)   a=c41c  b=c381  c=4403  d=43cc

<<< OUTPUT READY  | cyc=470 | $time=4710 | column 466 of 768
      lane=0  elem=466  (tile 18)   result=479d   expected=479d   OK

>>> INPUT  SENT   | cyc=471 | $time=4720 | column 470 of 768
      lane=0  elem=470  (tile 22)   a=4399  b=4455  c=c16f  d=4461

<<< OUTPUT READY  | cyc=471 | $time=4720 | column 467 of 768
      lane=0  elem=467  (tile 19)   result=45e0   expected=45e0   OK

>>> INPUT  SENT   | cyc=472 | $time=4730 | column 471 of 768
      lane=0  elem=471  (tile 23)   a=4448  b=c32b  c=43eb  d=c3da

<<< OUTPUT READY  | cyc=472 | $time=4730 | column 468 of 768
      lane=0  elem=468  (tile 20)   result=4784   expected=4784   OK

>>> INPUT  SENT   | cyc=473 | $time=4740 | column 472 of 768
      lane=0  elem=472  (tile 24)   a=c425  b=4402  c=445e  d=c31f

<<< OUTPUT READY  | cyc=473 | $time=4740 | column 469 of 768
      lane=0  elem=469  (tile 21)   result=48b6   expected=48b6   OK

>>> INPUT  SENT   | cyc=474 | $time=4750 | column 473 of 768
      lane=0  elem=473  (tile 25)   a=c405  b=c46e  c=413e  d=438e

<<< OUTPUT READY  | cyc=474 | $time=4750 | column 470 of 768
      lane=0  elem=470  (tile 22)   result=4871   expected=4871   OK

>>> INPUT  SENT   | cyc=475 | $time=4760 | column 474 of 768
      lane=0  elem=474  (tile 26)   a=c386  b=c3a5  c=4475  d=4207

<<< OUTPUT READY  | cyc=475 | $time=4760 | column 471 of 768
      lane=0  elem=471  (tile 23)   result=c8a6   expected=c8a6   OK

>>> INPUT  SENT   | cyc=476 | $time=4770 | column 475 of 768
      lane=0  elem=475  (tile 27)   a=c435  b=c40d  c=c3e9  d=c3d0

<<< OUTPUT READY  | cyc=476 | $time=4770 | column 472 of 768
      lane=0  elem=472  (tile 24)   result=c8eb   expected=c8eb   OK

>>> INPUT  SENT   | cyc=477 | $time=4780 | column 476 of 768
      lane=0  elem=476  (tile 28)   a=4375  b=4447  c=c478  d=c293

<<< OUTPUT READY  | cyc=477 | $time=4780 | column 473 of 768
      lane=0  elem=473  (tile 25)   result=48f8   expected=48f8   OK

>>> INPUT  SENT   | cyc=478 | $time=4790 | column 477 of 768
      lane=0  elem=477  (tile 29)   a=c401  b=4444  c=c330  d=442e

<<< OUTPUT READY  | cyc=478 | $time=4790 | column 474 of 768
      lane=0  elem=474  (tile 26)   result=47ec   expected=47ec   OK

>>> INPUT  SENT   | cyc=479 | $time=4800 | column 478 of 768
      lane=0  elem=478  (tile 30)   a=443a  b=c3fe  c=441a  d=4320

<<< OUTPUT READY  | cyc=479 | $time=4800 | column 475 of 768
      lane=0  elem=475  (tile 27)   result=4912   expected=4912   OK

>>> INPUT  SENT   | cyc=480 | $time=4810 | column 479 of 768
      lane=0  elem=479  (tile 31)   a=43dd  b=c41f  c=444c  d=c36c

<<< OUTPUT READY  | cyc=480 | $time=4810 | column 476 of 768
      lane=0  elem=476  (tile 28)   result=4882   expected=4882   OK

>>> INPUT  SENT   | cyc=481 | $time=4820 | column 480 of 768
      lane=0  elem=480  (tile 32)   a=43a8  b=42fa  c=c437  d=c2ec

<<< OUTPUT READY  | cyc=481 | $time=4820 | column 477 of 768
      lane=0  elem=477  (tile 29)   result=c900   expected=c900   OK

>>> INPUT  SENT   | cyc=482 | $time=4830 | column 481 of 768
      lane=0  elem=481  (tile 33)   a=4321  b=43ca  c=4383  d=43f8

<<< OUTPUT READY  | cyc=482 | $time=4830 | column 478 of 768
      lane=0  elem=478  (tile 30)   result=c888   expected=c888   OK

>>> INPUT  SENT   | cyc=483 | $time=4840 | column 482 of 768
      lane=0  elem=482  (tile 34)   a=c415  b=42b7  c=c41e  d=c41c

<<< OUTPUT READY  | cyc=483 | $time=4840 | column 479 of 768
      lane=0  elem=479  (tile 31)   result=c8e7   expected=c8e7   OK

>>> INPUT  SENT   | cyc=484 | $time=4850 | column 483 of 768
      lane=0  elem=483  (tile 35)   a=c35d  b=4372  c=42ee  d=4399

<<< OUTPUT READY  | cyc=484 | $time=4850 | column 480 of 768
      lane=0  elem=480  (tile 32)   result=47fa   expected=47fa   OK

>>> INPUT  SENT   | cyc=485 | $time=4860 | column 484 of 768
      lane=0  elem=484  (tile 36)   a=444e  b=444e  c=42fd  d=4448

<<< OUTPUT READY  | cyc=485 | $time=4860 | column 481 of 768
      lane=0  elem=481  (tile 33)   result=483e   expected=483e   OK

>>> INPUT  SENT   | cyc=486 | $time=4870 | column 485 of 768
      lane=0  elem=485  (tile 37)   a=4447  b=c3f0  c=442a  d=c425

<<< OUTPUT READY  | cyc=486 | $time=4870 | column 482 of 768
      lane=0  elem=482  (tile 34)   result=48a6   expected=48a6   OK

>>> INPUT  SENT   | cyc=487 | $time=4880 | column 486 of 768
      lane=0  elem=486  (tile 38)   a=c381  b=4403  c=43cc  d=c405

<<< OUTPUT READY  | cyc=487 | $time=4880 | column 483 of 768
      lane=0  elem=483  (tile 35)   result=c684   expected=c684   OK

>>> INPUT  SENT   | cyc=488 | $time=4890 | column 487 of 768
      lane=0  elem=487  (tile 39)   a=4455  b=c16f  c=4461  d=c386

<<< OUTPUT READY  | cyc=488 | $time=4890 | column 484 of 768
      lane=0  elem=484  (tile 36)   result=493d   expected=493d   OK

>>> INPUT  SENT   | cyc=489 | $time=4900 | column 488 of 768
      lane=0  elem=488  (tile 40)   a=c32b  b=43eb  c=c3da  d=c435

<<< OUTPUT READY  | cyc=489 | $time=4900 | column 485 of 768
      lane=0  elem=485  (tile 37)   result=c94a   expected=c94a   OK

>>> INPUT  SENT   | cyc=490 | $time=4910 | column 489 of 768
      lane=0  elem=489  (tile 41)   a=4402  b=445e  c=c31f  d=4375

<<< OUTPUT READY  | cyc=490 | $time=4910 | column 486 of 768
      lane=0  elem=486  (tile 38)   result=c8ab   expected=c8ab   OK

>>> INPUT  SENT   | cyc=491 | $time=4920 | column 490 of 768
      lane=0  elem=490  (tile 42)   a=c46e  b=413e  c=438e  d=c401

<<< OUTPUT READY  | cyc=491 | $time=4920 | column 487 of 768
      lane=0  elem=487  (tile 39)   result=c877   expected=c877   OK

>>> INPUT  SENT   | cyc=492 | $time=4930 | column 491 of 768
      lane=0  elem=491  (tile 43)   a=c3a5  b=4475  c=4207  d=443a

<<< OUTPUT READY  | cyc=492 | $time=4930 | column 488 of 768
      lane=0  elem=488  (tile 40)   result=4866   expected=4866   OK

>>> INPUT  SENT   | cyc=493 | $time=4940 | column 492 of 768
      lane=0  elem=492  (tile 44)   a=c40d  b=c3e9  c=c3d0  d=43dd

<<< OUTPUT READY  | cyc=493 | $time=4940 | column 489 of 768
      lane=0  elem=489  (tile 41)   result=48ce   expected=48ce   OK

>>> INPUT  SENT   | cyc=494 | $time=4950 | column 493 of 768
      lane=0  elem=493  (tile 45)   a=4447  b=c478  c=c293  d=43a8

<<< OUTPUT READY  | cyc=494 | $time=4950 | column 490 of 768
      lane=0  elem=490  (tile 42)   result=c81a   expected=c81a   OK

>>> INPUT  SENT   | cyc=495 | $time=4960 | column 494 of 768
      lane=0  elem=494  (tile 46)   a=4444  b=c330  c=442e  d=4321

<<< OUTPUT READY  | cyc=495 | $time=4960 | column 491 of 768
      lane=0  elem=491  (tile 43)   result=c891   expected=c891   OK

>>> INPUT  SENT   | cyc=496 | $time=4970 | column 495 of 768
      lane=0  elem=495  (tile 47)   a=c3fe  b=441a  c=4320  d=c415

<<< OUTPUT READY  | cyc=496 | $time=4970 | column 492 of 768
      lane=0  elem=492  (tile 44)   result=479c   expected=479c   OK

>>> INPUT  SENT   | cyc=497 | $time=4980 | column 496 of 768
      lane=0  elem=496  (tile 48)   a=c41f  b=444c  c=c36c  d=c35d

<<< OUTPUT READY  | cyc=497 | $time=4980 | column 493 of 768
      lane=0  elem=493  (tile 45)   result=c946   expected=c946   OK

>>> INPUT  SENT   | cyc=498 | $time=4990 | column 497 of 768
      lane=0  elem=497  (tile 49)   a=42fa  b=c437  c=c2ec  d=444e

<<< OUTPUT READY  | cyc=498 | $time=4990 | column 494 of 768
      lane=0  elem=494  (tile 46)   result=c6c8   expected=c6c8   OK

>>> INPUT  SENT   | cyc=499 | $time=5000 | column 498 of 768
      lane=0  elem=498  (tile 50)   a=43ca  b=4383  c=43f8  d=4447

<<< OUTPUT READY  | cyc=499 | $time=5000 | column 495 of 768
      lane=0  elem=495  (tile 47)   result=c8c6   expected=c8c6   OK

>>> INPUT  SENT   | cyc=500 | $time=5010 | column 499 of 768
      lane=0  elem=499  (tile 51)   a=42b7  b=c41e  c=c41c  d=c381

<<< OUTPUT READY  | cyc=500 | $time=5010 | column 496 of 768
      lane=0  elem=496  (tile 48)   result=c8e4   expected=c8e4   OK

>>> INPUT  SENT   | cyc=501 | $time=5020 | column 500 of 768
      lane=0  elem=500  (tile 52)   a=4372  b=42ee  c=4399  d=4455

<<< OUTPUT READY  | cyc=501 | $time=5020 | column 497 of 768
      lane=0  elem=497  (tile 49)   result=c837   expected=c837   OK

>>> INPUT  SENT   | cyc=502 | $time=5030 | column 501 of 768
      lane=0  elem=501  (tile 53)   a=444e  b=42fd  c=4448  d=c32b

<<< OUTPUT READY  | cyc=502 | $time=5030 | column 498 of 768
      lane=0  elem=498  (tile 50)   result=48f3   expected=48f3   OK

>>> INPUT  SENT   | cyc=503 | $time=5040 | column 502 of 768
      lane=0  elem=502  (tile 54)   a=c3f0  b=442a  c=c425  d=4402

<<< OUTPUT READY  | cyc=503 | $time=5040 | column 499 of 768
      lane=0  elem=499  (tile 51)   result=47ca   expected=47ca   OK

>>> INPUT  SENT   | cyc=504 | $time=5050 | column 503 of 768
      lane=0  elem=503  (tile 55)   a=4403  b=43cc  c=c405  d=c46e

<<< OUTPUT READY  | cyc=504 | $time=5050 | column 500 of 768
      lane=0  elem=500  (tile 52)   result=488d   expected=488d   OK

>>> INPUT  SENT   | cyc=505 | $time=5060 | column 504 of 768
      lane=0  elem=504  (tile 56)   a=c16f  b=4461  c=c386  d=c3a5

<<< OUTPUT READY  | cyc=505 | $time=5060 | column 501 of 768
      lane=0  elem=501  (tile 53)   result=c700   expected=c700   OK

>>> INPUT  SENT   | cyc=506 | $time=5070 | column 505 of 768
      lane=0  elem=505  (tile 57)   a=43eb  b=c3da  c=c435  d=c40d

<<< OUTPUT READY  | cyc=506 | $time=5070 | column 502 of 768
      lane=0  elem=502  (tile 54)   result=c923   expected=c923   OK

>>> INPUT  SENT   | cyc=507 | $time=5080 | column 506 of 768
      lane=0  elem=506  (tile 58)   a=445e  b=c31f  c=4375  d=4447

<<< OUTPUT READY  | cyc=507 | $time=5080 | column 503 of 768
      lane=0  elem=503  (tile 55)   result=492f   expected=492f   OK

>>> INPUT  SENT   | cyc=508 | $time=5090 | column 507 of 768
      lane=0  elem=507  (tile 59)   a=413e  b=438e  c=c401  d=4444

<<< OUTPUT READY  | cyc=508 | $time=5090 | column 504 of 768
      lane=0  elem=504  (tile 56)   result=4792   expected=4792   OK

>>> INPUT  SENT   | cyc=509 | $time=5100 | column 508 of 768
      lane=0  elem=508  (tile 60)   a=4475  b=4207  c=443a  d=c3fe

<<< OUTPUT READY  | cyc=509 | $time=5100 | column 505 of 768
      lane=0  elem=505  (tile 57)   result=4846   expected=4846   OK

>>> INPUT  SENT   | cyc=510 | $time=5110 | column 509 of 768
      lane=0  elem=509  (tile 61)   a=c3e9  b=c3d0  c=43dd  d=c41f

<<< OUTPUT READY  | cyc=510 | $time=5110 | column 506 of 768
      lane=0  elem=506  (tile 58)   result=4754   expected=4754   OK

>>> INPUT  SENT   | cyc=511 | $time=5120 | column 510 of 768
      lane=0  elem=510  (tile 62)   a=c478  b=c293  c=43a8  d=42fa

<<< OUTPUT READY  | cyc=511 | $time=5120 | column 507 of 768
      lane=0  elem=507  (tile 59)   result=c8c4   expected=c8c4   OK

>>> INPUT  SENT   | cyc=512 | $time=5130 | column 511 of 768
      lane=0  elem=511  (tile 63)   a=c330  b=442e  c=4321  d=43ca

<<< OUTPUT READY  | cyc=512 | $time=5130 | column 508 of 768
      lane=0  elem=508  (tile 60)   result=c8a8   expected=c8a8   OK

>>> INPUT  SENT   | cyc=513 | $time=5140 | column 512 of 768
      lane=0  elem=512  (tile 0)   a=441a  b=4320  c=c415  d=42b7

<<< OUTPUT READY  | cyc=513 | $time=5140 | column 509 of 768
      lane=0  elem=509  (tile 61)   result=c7ac   expected=c7ac   OK

>>> INPUT  SENT   | cyc=514 | $time=5150 | column 513 of 768
      lane=0  elem=513  (tile 1)   a=444c  b=c36c  c=c35d  d=4372

<<< OUTPUT READY  | cyc=514 | $time=5150 | column 510 of 768
      lane=0  elem=510  (tile 62)   result=47e0   expected=47e0   OK

>>> INPUT  SENT   | cyc=515 | $time=5160 | column 514 of 768
      lane=0  elem=514  (tile 2)   a=c437  b=c2ec  c=444e  d=444e

<<< OUTPUT READY  | cyc=515 | $time=5160 | column 511 of 768
      lane=0  elem=511  (tile 63)   result=c760   expected=c760   OK

>>> INPUT  SENT   | cyc=516 | $time=5170 | column 515 of 768
      lane=0  elem=515  (tile 3)   a=4383  b=43f8  c=4447  d=c3f0

<<< OUTPUT READY  | cyc=516 | $time=5170 | column 512 of 768
      lane=0  elem=512  (tile 0)   result=472c   expected=472c   OK
+---------------------------------------------------------------
| SPOT CHECK  elem=512  (tile idx 0)   col=512  lane=0  cyc=516
|    a = 441a     b = 4320
|    c = c415     d = 42b7
|    a*b       = 47c0
|    c*d       = c755
|    a*b + c*d = 472c   <- reference
|    DUT result= 472c   OK
+---------------------------------------------------------------

>>> INPUT  SENT   | cyc=517 | $time=5180 | column 516 of 768
      lane=0  elem=516  (tile 4)   a=c41e  b=c41c  c=c381  d=4403

<<< OUTPUT READY  | cyc=517 | $time=5180 | column 513 of 768
      lane=0  elem=513  (tile 1)   result=c870   expected=c870   OK

>>> INPUT  SENT   | cyc=518 | $time=5190 | column 517 of 768
      lane=0  elem=517  (tile 5)   a=42ee  b=4399  c=4455  d=c16f

<<< OUTPUT READY  | cyc=518 | $time=5190 | column 514 of 768
      lane=0  elem=514  (tile 2)   result=493a   expected=493a   OK

>>> INPUT  SENT   | cyc=519 | $time=5200 | column 518 of 768
      lane=0  elem=518  (tile 6)   a=42fd  b=4448  c=c32b  d=43eb

<<< OUTPUT READY  | cyc=519 | $time=5200 | column 515 of 768
      lane=0  elem=515  (tile 3)   result=c876   expected=c876   OK

>>> INPUT  SENT   | cyc=520 | $time=5210 | column 519 of 768
      lane=0  elem=519  (tile 7)   a=442a  b=c425  c=4402  d=445e

<<< OUTPUT READY  | cyc=520 | $time=5210 | column 516 of 768
      lane=0  elem=516  (tile 4)   result=487c   expected=487c   OK

>>> INPUT  SENT   | cyc=521 | $time=5220 | column 520 of 768
      lane=0  elem=520  (tile 8)   a=43cc  b=c405  c=c46e  d=413e

<<< OUTPUT READY  | cyc=521 | $time=5220 | column 517 of 768
      lane=0  elem=517  (tile 5)   result=46ba   expected=46ba   OK

>>> INPUT  SENT   | cyc=522 | $time=5230 | column 521 of 768
      lane=0  elem=521  (tile 9)   a=4461  b=c386  c=c3a5  d=4475

<<< OUTPUT READY  | cyc=522 | $time=5230 | column 518 of 768
      lane=0  elem=518  (tile 6)   result=46a4   expected=46a4   OK

>>> INPUT  SENT   | cyc=523 | $time=5240 | column 522 of 768
      lane=0  elem=522  (tile 10)   a=c3da  b=c435  c=c40d  d=c3e9

<<< OUTPUT READY  | cyc=523 | $time=5240 | column 519 of 768
      lane=0  elem=519  (tile 7)   result=4640   expected=4640   OK

>>> INPUT  SENT   | cyc=524 | $time=5250 | column 523 of 768
      lane=0  elem=523  (tile 11)   a=c31f  b=4375  c=4447  d=c478

<<< OUTPUT READY  | cyc=524 | $time=5250 | column 520 of 768
      lane=0  elem=520  (tile 8)   result=c85e   expected=c85e   OK

>>> INPUT  SENT   | cyc=525 | $time=5260 | column 524 of 768
      lane=0  elem=524  (tile 12)   a=438e  b=c401  c=4444  d=c330

<<< OUTPUT READY  | cyc=525 | $time=5260 | column 521 of 768
      lane=0  elem=521  (tile 9)   result=c909   expected=c909   OK

>>> INPUT  SENT   | cyc=526 | $time=5270 | column 525 of 768
      lane=0  elem=525  (tile 13)   a=4207  b=443a  c=c3fe  d=441a

<<< OUTPUT READY  | cyc=526 | $time=5270 | column 522 of 768
      lane=0  elem=522  (tile 10)   result=490d   expected=490d   OK

>>> INPUT  SENT   | cyc=527 | $time=5280 | column 526 of 768
      lane=0  elem=526  (tile 14)   a=c3d0  b=43dd  c=c41f  d=444c

<<< OUTPUT READY  | cyc=527 | $time=5280 | column 523 of 768
      lane=0  elem=523  (tile 11)   result=c949   expected=c949   OK

>>> INPUT  SENT   | cyc=528 | $time=5290 | column 527 of 768
      lane=0  elem=527  (tile 15)   a=c293  b=43a8  c=42fa  d=c437

<<< OUTPUT READY  | cyc=528 | $time=5290 | column 524 of 768
      lane=0  elem=524  (tile 12)   result=c88a   expected=c88a   OK

>>> INPUT  SENT   | cyc=529 | $time=5300 | column 528 of 768
      lane=0  elem=528  (tile 16)   a=442e  b=4321  c=43ca  d=4383

<<< OUTPUT READY  | cyc=529 | $time=5300 | column 525 of 768
      lane=0  elem=525  (tile 13)   result=c88c   expected=c88c   OK

>>> INPUT  SENT   | cyc=530 | $time=5310 | column 529 of 768
      lane=0  elem=529  (tile 17)   a=4320  b=c415  c=42b7  d=c41e

<<< OUTPUT READY  | cyc=530 | $time=5310 | column 526 of 768
      lane=0  elem=526  (tile 14)   result=c92b   expected=c92b   OK

>>> INPUT  SENT   | cyc=531 | $time=5320 | column 530 of 768
      lane=0  elem=530  (tile 18)   a=c36c  b=c35d  c=4372  d=42ee

<<< OUTPUT READY  | cyc=531 | $time=5320 | column 527 of 768
      lane=0  elem=527  (tile 15)   result=c7e2   expected=c7e2   OK

>>> INPUT  SENT   | cyc=532 | $time=5330 | column 531 of 768
      lane=0  elem=531  (tile 19)   a=c2ec  b=444e  c=444e  d=42fd

<<< OUTPUT READY  | cyc=532 | $time=5330 | column 528 of 768
      lane=0  elem=528  (tile 16)   result=4854   expected=4854   OK

>>> INPUT  SENT   | cyc=533 | $time=5340 | column 532 of 768
      lane=0  elem=532  (tile 20)   a=43f8  b=4447  c=c3f0  d=442a

<<< OUTPUT READY  | cyc=533 | $time=5340 | column 529 of 768
      lane=0  elem=529  (tile 17)   result=c815   expected=c815   OK

>>> INPUT  SENT   | cyc=534 | $time=5350 | column 533 of 768
      lane=0  elem=533  (tile 21)   a=c41c  b=c381  c=4403  d=43cc

<<< OUTPUT READY  | cyc=534 | $time=5350 | column 530 of 768
      lane=0  elem=530  (tile 18)   result=479d   expected=479d   OK

>>> INPUT  SENT   | cyc=535 | $time=5360 | column 534 of 768
      lane=0  elem=534  (tile 22)   a=4399  b=4455  c=c16f  d=4461

<<< OUTPUT READY  | cyc=535 | $time=5360 | column 531 of 768
      lane=0  elem=531  (tile 19)   result=45e0   expected=45e0   OK

>>> INPUT  SENT   | cyc=536 | $time=5370 | column 535 of 768
      lane=0  elem=535  (tile 23)   a=4448  b=c32b  c=43eb  d=c3da

<<< OUTPUT READY  | cyc=536 | $time=5370 | column 532 of 768
      lane=0  elem=532  (tile 20)   result=4784   expected=4784   OK

>>> INPUT  SENT   | cyc=537 | $time=5380 | column 536 of 768
      lane=0  elem=536  (tile 24)   a=c425  b=4402  c=445e  d=c31f

<<< OUTPUT READY  | cyc=537 | $time=5380 | column 533 of 768
      lane=0  elem=533  (tile 21)   result=48b6   expected=48b6   OK

>>> INPUT  SENT   | cyc=538 | $time=5390 | column 537 of 768
      lane=0  elem=537  (tile 25)   a=c405  b=c46e  c=413e  d=438e

<<< OUTPUT READY  | cyc=538 | $time=5390 | column 534 of 768
      lane=0  elem=534  (tile 22)   result=4871   expected=4871   OK

>>> INPUT  SENT   | cyc=539 | $time=5400 | column 538 of 768
      lane=0  elem=538  (tile 26)   a=c386  b=c3a5  c=4475  d=4207

<<< OUTPUT READY  | cyc=539 | $time=5400 | column 535 of 768
      lane=0  elem=535  (tile 23)   result=c8a6   expected=c8a6   OK

>>> INPUT  SENT   | cyc=540 | $time=5410 | column 539 of 768
      lane=0  elem=539  (tile 27)   a=c435  b=c40d  c=c3e9  d=c3d0

<<< OUTPUT READY  | cyc=540 | $time=5410 | column 536 of 768
      lane=0  elem=536  (tile 24)   result=c8eb   expected=c8eb   OK

>>> INPUT  SENT   | cyc=541 | $time=5420 | column 540 of 768
      lane=0  elem=540  (tile 28)   a=4375  b=4447  c=c478  d=c293

<<< OUTPUT READY  | cyc=541 | $time=5420 | column 537 of 768
      lane=0  elem=537  (tile 25)   result=48f8   expected=48f8   OK

>>> INPUT  SENT   | cyc=542 | $time=5430 | column 541 of 768
      lane=0  elem=541  (tile 29)   a=c401  b=4444  c=c330  d=442e

<<< OUTPUT READY  | cyc=542 | $time=5430 | column 538 of 768
      lane=0  elem=538  (tile 26)   result=47ec   expected=47ec   OK

>>> INPUT  SENT   | cyc=543 | $time=5440 | column 542 of 768
      lane=0  elem=542  (tile 30)   a=443a  b=c3fe  c=441a  d=4320

<<< OUTPUT READY  | cyc=543 | $time=5440 | column 539 of 768
      lane=0  elem=539  (tile 27)   result=4912   expected=4912   OK

>>> INPUT  SENT   | cyc=544 | $time=5450 | column 543 of 768
      lane=0  elem=543  (tile 31)   a=43dd  b=c41f  c=444c  d=c36c

<<< OUTPUT READY  | cyc=544 | $time=5450 | column 540 of 768
      lane=0  elem=540  (tile 28)   result=4882   expected=4882   OK

>>> INPUT  SENT   | cyc=545 | $time=5460 | column 544 of 768
      lane=0  elem=544  (tile 32)   a=43a8  b=42fa  c=c437  d=c2ec

<<< OUTPUT READY  | cyc=545 | $time=5460 | column 541 of 768
      lane=0  elem=541  (tile 29)   result=c900   expected=c900   OK

>>> INPUT  SENT   | cyc=546 | $time=5470 | column 545 of 768
      lane=0  elem=545  (tile 33)   a=4321  b=43ca  c=4383  d=43f8

<<< OUTPUT READY  | cyc=546 | $time=5470 | column 542 of 768
      lane=0  elem=542  (tile 30)   result=c888   expected=c888   OK

>>> INPUT  SENT   | cyc=547 | $time=5480 | column 546 of 768
      lane=0  elem=546  (tile 34)   a=c415  b=42b7  c=c41e  d=c41c

<<< OUTPUT READY  | cyc=547 | $time=5480 | column 543 of 768
      lane=0  elem=543  (tile 31)   result=c8e7   expected=c8e7   OK

>>> INPUT  SENT   | cyc=548 | $time=5490 | column 547 of 768
      lane=0  elem=547  (tile 35)   a=c35d  b=4372  c=42ee  d=4399

<<< OUTPUT READY  | cyc=548 | $time=5490 | column 544 of 768
      lane=0  elem=544  (tile 32)   result=47fa   expected=47fa   OK

>>> INPUT  SENT   | cyc=549 | $time=5500 | column 548 of 768
      lane=0  elem=548  (tile 36)   a=444e  b=444e  c=42fd  d=4448

<<< OUTPUT READY  | cyc=549 | $time=5500 | column 545 of 768
      lane=0  elem=545  (tile 33)   result=483e   expected=483e   OK

>>> INPUT  SENT   | cyc=550 | $time=5510 | column 549 of 768
      lane=0  elem=549  (tile 37)   a=4447  b=c3f0  c=442a  d=c425

<<< OUTPUT READY  | cyc=550 | $time=5510 | column 546 of 768
      lane=0  elem=546  (tile 34)   result=48a6   expected=48a6   OK

>>> INPUT  SENT   | cyc=551 | $time=5520 | column 550 of 768
      lane=0  elem=550  (tile 38)   a=c381  b=4403  c=43cc  d=c405

<<< OUTPUT READY  | cyc=551 | $time=5520 | column 547 of 768
      lane=0  elem=547  (tile 35)   result=c684   expected=c684   OK

>>> INPUT  SENT   | cyc=552 | $time=5530 | column 551 of 768
      lane=0  elem=551  (tile 39)   a=4455  b=c16f  c=4461  d=c386

<<< OUTPUT READY  | cyc=552 | $time=5530 | column 548 of 768
      lane=0  elem=548  (tile 36)   result=493d   expected=493d   OK

>>> INPUT  SENT   | cyc=553 | $time=5540 | column 552 of 768
      lane=0  elem=552  (tile 40)   a=c32b  b=43eb  c=c3da  d=c435

<<< OUTPUT READY  | cyc=553 | $time=5540 | column 549 of 768
      lane=0  elem=549  (tile 37)   result=c94a   expected=c94a   OK

>>> INPUT  SENT   | cyc=554 | $time=5550 | column 553 of 768
      lane=0  elem=553  (tile 41)   a=4402  b=445e  c=c31f  d=4375

<<< OUTPUT READY  | cyc=554 | $time=5550 | column 550 of 768
      lane=0  elem=550  (tile 38)   result=c8ab   expected=c8ab   OK

>>> INPUT  SENT   | cyc=555 | $time=5560 | column 554 of 768
      lane=0  elem=554  (tile 42)   a=c46e  b=413e  c=438e  d=c401

<<< OUTPUT READY  | cyc=555 | $time=5560 | column 551 of 768
      lane=0  elem=551  (tile 39)   result=c877   expected=c877   OK

>>> INPUT  SENT   | cyc=556 | $time=5570 | column 555 of 768
      lane=0  elem=555  (tile 43)   a=c3a5  b=4475  c=4207  d=443a

<<< OUTPUT READY  | cyc=556 | $time=5570 | column 552 of 768
      lane=0  elem=552  (tile 40)   result=4866   expected=4866   OK

>>> INPUT  SENT   | cyc=557 | $time=5580 | column 556 of 768
      lane=0  elem=556  (tile 44)   a=c40d  b=c3e9  c=c3d0  d=43dd

<<< OUTPUT READY  | cyc=557 | $time=5580 | column 553 of 768
      lane=0  elem=553  (tile 41)   result=48ce   expected=48ce   OK

>>> INPUT  SENT   | cyc=558 | $time=5590 | column 557 of 768
      lane=0  elem=557  (tile 45)   a=4447  b=c478  c=c293  d=43a8

<<< OUTPUT READY  | cyc=558 | $time=5590 | column 554 of 768
      lane=0  elem=554  (tile 42)   result=c81a   expected=c81a   OK

>>> INPUT  SENT   | cyc=559 | $time=5600 | column 558 of 768
      lane=0  elem=558  (tile 46)   a=4444  b=c330  c=442e  d=4321

<<< OUTPUT READY  | cyc=559 | $time=5600 | column 555 of 768
      lane=0  elem=555  (tile 43)   result=c891   expected=c891   OK

>>> INPUT  SENT   | cyc=560 | $time=5610 | column 559 of 768
      lane=0  elem=559  (tile 47)   a=c3fe  b=441a  c=4320  d=c415

<<< OUTPUT READY  | cyc=560 | $time=5610 | column 556 of 768
      lane=0  elem=556  (tile 44)   result=479c   expected=479c   OK

>>> INPUT  SENT   | cyc=561 | $time=5620 | column 560 of 768
      lane=0  elem=560  (tile 48)   a=c41f  b=444c  c=c36c  d=c35d

<<< OUTPUT READY  | cyc=561 | $time=5620 | column 557 of 768
      lane=0  elem=557  (tile 45)   result=c946   expected=c946   OK

>>> INPUT  SENT   | cyc=562 | $time=5630 | column 561 of 768
      lane=0  elem=561  (tile 49)   a=42fa  b=c437  c=c2ec  d=444e

<<< OUTPUT READY  | cyc=562 | $time=5630 | column 558 of 768
      lane=0  elem=558  (tile 46)   result=c6c8   expected=c6c8   OK

>>> INPUT  SENT   | cyc=563 | $time=5640 | column 562 of 768
      lane=0  elem=562  (tile 50)   a=43ca  b=4383  c=43f8  d=4447

<<< OUTPUT READY  | cyc=563 | $time=5640 | column 559 of 768
      lane=0  elem=559  (tile 47)   result=c8c6   expected=c8c6   OK

>>> INPUT  SENT   | cyc=564 | $time=5650 | column 563 of 768
      lane=0  elem=563  (tile 51)   a=42b7  b=c41e  c=c41c  d=c381

<<< OUTPUT READY  | cyc=564 | $time=5650 | column 560 of 768
      lane=0  elem=560  (tile 48)   result=c8e4   expected=c8e4   OK

>>> INPUT  SENT   | cyc=565 | $time=5660 | column 564 of 768
      lane=0  elem=564  (tile 52)   a=4372  b=42ee  c=4399  d=4455

<<< OUTPUT READY  | cyc=565 | $time=5660 | column 561 of 768
      lane=0  elem=561  (tile 49)   result=c837   expected=c837   OK

>>> INPUT  SENT   | cyc=566 | $time=5670 | column 565 of 768
      lane=0  elem=565  (tile 53)   a=444e  b=42fd  c=4448  d=c32b

<<< OUTPUT READY  | cyc=566 | $time=5670 | column 562 of 768
      lane=0  elem=562  (tile 50)   result=48f3   expected=48f3   OK

>>> INPUT  SENT   | cyc=567 | $time=5680 | column 566 of 768
      lane=0  elem=566  (tile 54)   a=c3f0  b=442a  c=c425  d=4402

<<< OUTPUT READY  | cyc=567 | $time=5680 | column 563 of 768
      lane=0  elem=563  (tile 51)   result=47ca   expected=47ca   OK

>>> INPUT  SENT   | cyc=568 | $time=5690 | column 567 of 768
      lane=0  elem=567  (tile 55)   a=4403  b=43cc  c=c405  d=c46e

<<< OUTPUT READY  | cyc=568 | $time=5690 | column 564 of 768
      lane=0  elem=564  (tile 52)   result=488d   expected=488d   OK

>>> INPUT  SENT   | cyc=569 | $time=5700 | column 568 of 768
      lane=0  elem=568  (tile 56)   a=c16f  b=4461  c=c386  d=c3a5

<<< OUTPUT READY  | cyc=569 | $time=5700 | column 565 of 768
      lane=0  elem=565  (tile 53)   result=c700   expected=c700   OK

>>> INPUT  SENT   | cyc=570 | $time=5710 | column 569 of 768
      lane=0  elem=569  (tile 57)   a=43eb  b=c3da  c=c435  d=c40d

<<< OUTPUT READY  | cyc=570 | $time=5710 | column 566 of 768
      lane=0  elem=566  (tile 54)   result=c923   expected=c923   OK

>>> INPUT  SENT   | cyc=571 | $time=5720 | column 570 of 768
      lane=0  elem=570  (tile 58)   a=445e  b=c31f  c=4375  d=4447

<<< OUTPUT READY  | cyc=571 | $time=5720 | column 567 of 768
      lane=0  elem=567  (tile 55)   result=492f   expected=492f   OK

>>> INPUT  SENT   | cyc=572 | $time=5730 | column 571 of 768
      lane=0  elem=571  (tile 59)   a=413e  b=438e  c=c401  d=4444

<<< OUTPUT READY  | cyc=572 | $time=5730 | column 568 of 768
      lane=0  elem=568  (tile 56)   result=4792   expected=4792   OK

>>> INPUT  SENT   | cyc=573 | $time=5740 | column 572 of 768
      lane=0  elem=572  (tile 60)   a=4475  b=4207  c=443a  d=c3fe

<<< OUTPUT READY  | cyc=573 | $time=5740 | column 569 of 768
      lane=0  elem=569  (tile 57)   result=4846   expected=4846   OK

>>> INPUT  SENT   | cyc=574 | $time=5750 | column 573 of 768
      lane=0  elem=573  (tile 61)   a=c3e9  b=c3d0  c=43dd  d=c41f

<<< OUTPUT READY  | cyc=574 | $time=5750 | column 570 of 768
      lane=0  elem=570  (tile 58)   result=4754   expected=4754   OK

>>> INPUT  SENT   | cyc=575 | $time=5760 | column 574 of 768
      lane=0  elem=574  (tile 62)   a=c478  b=c293  c=43a8  d=42fa

<<< OUTPUT READY  | cyc=575 | $time=5760 | column 571 of 768
      lane=0  elem=571  (tile 59)   result=c8c4   expected=c8c4   OK

>>> INPUT  SENT   | cyc=576 | $time=5770 | column 575 of 768
      lane=0  elem=575  (tile 63)   a=c330  b=442e  c=4321  d=43ca

<<< OUTPUT READY  | cyc=576 | $time=5770 | column 572 of 768
      lane=0  elem=572  (tile 60)   result=c8a8   expected=c8a8   OK

>>> INPUT  SENT   | cyc=577 | $time=5780 | column 576 of 768
      lane=0  elem=576  (tile 0)   a=441a  b=4320  c=c415  d=42b7

<<< OUTPUT READY  | cyc=577 | $time=5780 | column 573 of 768
      lane=0  elem=573  (tile 61)   result=c7ac   expected=c7ac   OK

>>> INPUT  SENT   | cyc=578 | $time=5790 | column 577 of 768
      lane=0  elem=577  (tile 1)   a=444c  b=c36c  c=c35d  d=4372

<<< OUTPUT READY  | cyc=578 | $time=5790 | column 574 of 768
      lane=0  elem=574  (tile 62)   result=47e0   expected=47e0   OK

>>> INPUT  SENT   | cyc=579 | $time=5800 | column 578 of 768
      lane=0  elem=578  (tile 2)   a=c437  b=c2ec  c=444e  d=444e

<<< OUTPUT READY  | cyc=579 | $time=5800 | column 575 of 768
      lane=0  elem=575  (tile 63)   result=c760   expected=c760   OK

>>> INPUT  SENT   | cyc=580 | $time=5810 | column 579 of 768
      lane=0  elem=579  (tile 3)   a=4383  b=43f8  c=4447  d=c3f0

<<< OUTPUT READY  | cyc=580 | $time=5810 | column 576 of 768
      lane=0  elem=576  (tile 0)   result=472c   expected=472c   OK

>>> INPUT  SENT   | cyc=581 | $time=5820 | column 580 of 768
      lane=0  elem=580  (tile 4)   a=c41e  b=c41c  c=c381  d=4403

<<< OUTPUT READY  | cyc=581 | $time=5820 | column 577 of 768
      lane=0  elem=577  (tile 1)   result=c870   expected=c870   OK

>>> INPUT  SENT   | cyc=582 | $time=5830 | column 581 of 768
      lane=0  elem=581  (tile 5)   a=42ee  b=4399  c=4455  d=c16f

<<< OUTPUT READY  | cyc=582 | $time=5830 | column 578 of 768
      lane=0  elem=578  (tile 2)   result=493a   expected=493a   OK

>>> INPUT  SENT   | cyc=583 | $time=5840 | column 582 of 768
      lane=0  elem=582  (tile 6)   a=42fd  b=4448  c=c32b  d=43eb

<<< OUTPUT READY  | cyc=583 | $time=5840 | column 579 of 768
      lane=0  elem=579  (tile 3)   result=c876   expected=c876   OK

>>> INPUT  SENT   | cyc=584 | $time=5850 | column 583 of 768
      lane=0  elem=583  (tile 7)   a=442a  b=c425  c=4402  d=445e

<<< OUTPUT READY  | cyc=584 | $time=5850 | column 580 of 768
      lane=0  elem=580  (tile 4)   result=487c   expected=487c   OK

>>> INPUT  SENT   | cyc=585 | $time=5860 | column 584 of 768
      lane=0  elem=584  (tile 8)   a=43cc  b=c405  c=c46e  d=413e

<<< OUTPUT READY  | cyc=585 | $time=5860 | column 581 of 768
      lane=0  elem=581  (tile 5)   result=46ba   expected=46ba   OK

>>> INPUT  SENT   | cyc=586 | $time=5870 | column 585 of 768
      lane=0  elem=585  (tile 9)   a=4461  b=c386  c=c3a5  d=4475

<<< OUTPUT READY  | cyc=586 | $time=5870 | column 582 of 768
      lane=0  elem=582  (tile 6)   result=46a4   expected=46a4   OK

>>> INPUT  SENT   | cyc=587 | $time=5880 | column 586 of 768
      lane=0  elem=586  (tile 10)   a=c3da  b=c435  c=c40d  d=c3e9

<<< OUTPUT READY  | cyc=587 | $time=5880 | column 583 of 768
      lane=0  elem=583  (tile 7)   result=4640   expected=4640   OK

>>> INPUT  SENT   | cyc=588 | $time=5890 | column 587 of 768
      lane=0  elem=587  (tile 11)   a=c31f  b=4375  c=4447  d=c478

<<< OUTPUT READY  | cyc=588 | $time=5890 | column 584 of 768
      lane=0  elem=584  (tile 8)   result=c85e   expected=c85e   OK

>>> INPUT  SENT   | cyc=589 | $time=5900 | column 588 of 768
      lane=0  elem=588  (tile 12)   a=438e  b=c401  c=4444  d=c330

<<< OUTPUT READY  | cyc=589 | $time=5900 | column 585 of 768
      lane=0  elem=585  (tile 9)   result=c909   expected=c909   OK

>>> INPUT  SENT   | cyc=590 | $time=5910 | column 589 of 768
      lane=0  elem=589  (tile 13)   a=4207  b=443a  c=c3fe  d=441a

<<< OUTPUT READY  | cyc=590 | $time=5910 | column 586 of 768
      lane=0  elem=586  (tile 10)   result=490d   expected=490d   OK

>>> INPUT  SENT   | cyc=591 | $time=5920 | column 590 of 768
      lane=0  elem=590  (tile 14)   a=c3d0  b=43dd  c=c41f  d=444c

<<< OUTPUT READY  | cyc=591 | $time=5920 | column 587 of 768
      lane=0  elem=587  (tile 11)   result=c949   expected=c949   OK

>>> INPUT  SENT   | cyc=592 | $time=5930 | column 591 of 768
      lane=0  elem=591  (tile 15)   a=c293  b=43a8  c=42fa  d=c437

<<< OUTPUT READY  | cyc=592 | $time=5930 | column 588 of 768
      lane=0  elem=588  (tile 12)   result=c88a   expected=c88a   OK

>>> INPUT  SENT   | cyc=593 | $time=5940 | column 592 of 768
      lane=0  elem=592  (tile 16)   a=442e  b=4321  c=43ca  d=4383

<<< OUTPUT READY  | cyc=593 | $time=5940 | column 589 of 768
      lane=0  elem=589  (tile 13)   result=c88c   expected=c88c   OK

>>> INPUT  SENT   | cyc=594 | $time=5950 | column 593 of 768
      lane=0  elem=593  (tile 17)   a=4320  b=c415  c=42b7  d=c41e

<<< OUTPUT READY  | cyc=594 | $time=5950 | column 590 of 768
      lane=0  elem=590  (tile 14)   result=c92b   expected=c92b   OK

>>> INPUT  SENT   | cyc=595 | $time=5960 | column 594 of 768
      lane=0  elem=594  (tile 18)   a=c36c  b=c35d  c=4372  d=42ee

<<< OUTPUT READY  | cyc=595 | $time=5960 | column 591 of 768
      lane=0  elem=591  (tile 15)   result=c7e2   expected=c7e2   OK

>>> INPUT  SENT   | cyc=596 | $time=5970 | column 595 of 768
      lane=0  elem=595  (tile 19)   a=c2ec  b=444e  c=444e  d=42fd

<<< OUTPUT READY  | cyc=596 | $time=5970 | column 592 of 768
      lane=0  elem=592  (tile 16)   result=4854   expected=4854   OK

>>> INPUT  SENT   | cyc=597 | $time=5980 | column 596 of 768
      lane=0  elem=596  (tile 20)   a=43f8  b=4447  c=c3f0  d=442a

<<< OUTPUT READY  | cyc=597 | $time=5980 | column 593 of 768
      lane=0  elem=593  (tile 17)   result=c815   expected=c815   OK

>>> INPUT  SENT   | cyc=598 | $time=5990 | column 597 of 768
      lane=0  elem=597  (tile 21)   a=c41c  b=c381  c=4403  d=43cc

<<< OUTPUT READY  | cyc=598 | $time=5990 | column 594 of 768
      lane=0  elem=594  (tile 18)   result=479d   expected=479d   OK

>>> INPUT  SENT   | cyc=599 | $time=6000 | column 598 of 768
      lane=0  elem=598  (tile 22)   a=4399  b=4455  c=c16f  d=4461

<<< OUTPUT READY  | cyc=599 | $time=6000 | column 595 of 768
      lane=0  elem=595  (tile 19)   result=45e0   expected=45e0   OK

>>> INPUT  SENT   | cyc=600 | $time=6010 | column 599 of 768
      lane=0  elem=599  (tile 23)   a=4448  b=c32b  c=43eb  d=c3da

<<< OUTPUT READY  | cyc=600 | $time=6010 | column 596 of 768
      lane=0  elem=596  (tile 20)   result=4784   expected=4784   OK

>>> INPUT  SENT   | cyc=601 | $time=6020 | column 600 of 768
      lane=0  elem=600  (tile 24)   a=c425  b=4402  c=445e  d=c31f

<<< OUTPUT READY  | cyc=601 | $time=6020 | column 597 of 768
      lane=0  elem=597  (tile 21)   result=48b6   expected=48b6   OK

>>> INPUT  SENT   | cyc=602 | $time=6030 | column 601 of 768
      lane=0  elem=601  (tile 25)   a=c405  b=c46e  c=413e  d=438e

<<< OUTPUT READY  | cyc=602 | $time=6030 | column 598 of 768
      lane=0  elem=598  (tile 22)   result=4871   expected=4871   OK

>>> INPUT  SENT   | cyc=603 | $time=6040 | column 602 of 768
      lane=0  elem=602  (tile 26)   a=c386  b=c3a5  c=4475  d=4207

<<< OUTPUT READY  | cyc=603 | $time=6040 | column 599 of 768
      lane=0  elem=599  (tile 23)   result=c8a6   expected=c8a6   OK

>>> INPUT  SENT   | cyc=604 | $time=6050 | column 603 of 768
      lane=0  elem=603  (tile 27)   a=c435  b=c40d  c=c3e9  d=c3d0

<<< OUTPUT READY  | cyc=604 | $time=6050 | column 600 of 768
      lane=0  elem=600  (tile 24)   result=c8eb   expected=c8eb   OK

>>> INPUT  SENT   | cyc=605 | $time=6060 | column 604 of 768
      lane=0  elem=604  (tile 28)   a=4375  b=4447  c=c478  d=c293

<<< OUTPUT READY  | cyc=605 | $time=6060 | column 601 of 768
      lane=0  elem=601  (tile 25)   result=48f8   expected=48f8   OK

>>> INPUT  SENT   | cyc=606 | $time=6070 | column 605 of 768
      lane=0  elem=605  (tile 29)   a=c401  b=4444  c=c330  d=442e

<<< OUTPUT READY  | cyc=606 | $time=6070 | column 602 of 768
      lane=0  elem=602  (tile 26)   result=47ec   expected=47ec   OK

>>> INPUT  SENT   | cyc=607 | $time=6080 | column 606 of 768
      lane=0  elem=606  (tile 30)   a=443a  b=c3fe  c=441a  d=4320

<<< OUTPUT READY  | cyc=607 | $time=6080 | column 603 of 768
      lane=0  elem=603  (tile 27)   result=4912   expected=4912   OK

>>> INPUT  SENT   | cyc=608 | $time=6090 | column 607 of 768
      lane=0  elem=607  (tile 31)   a=43dd  b=c41f  c=444c  d=c36c

<<< OUTPUT READY  | cyc=608 | $time=6090 | column 604 of 768
      lane=0  elem=604  (tile 28)   result=4882   expected=4882   OK

>>> INPUT  SENT   | cyc=609 | $time=6100 | column 608 of 768
      lane=0  elem=608  (tile 32)   a=43a8  b=42fa  c=c437  d=c2ec

<<< OUTPUT READY  | cyc=609 | $time=6100 | column 605 of 768
      lane=0  elem=605  (tile 29)   result=c900   expected=c900   OK

>>> INPUT  SENT   | cyc=610 | $time=6110 | column 609 of 768
      lane=0  elem=609  (tile 33)   a=4321  b=43ca  c=4383  d=43f8

<<< OUTPUT READY  | cyc=610 | $time=6110 | column 606 of 768
      lane=0  elem=606  (tile 30)   result=c888   expected=c888   OK

>>> INPUT  SENT   | cyc=611 | $time=6120 | column 610 of 768
      lane=0  elem=610  (tile 34)   a=c415  b=42b7  c=c41e  d=c41c

<<< OUTPUT READY  | cyc=611 | $time=6120 | column 607 of 768
      lane=0  elem=607  (tile 31)   result=c8e7   expected=c8e7   OK

>>> INPUT  SENT   | cyc=612 | $time=6130 | column 611 of 768
      lane=0  elem=611  (tile 35)   a=c35d  b=4372  c=42ee  d=4399

<<< OUTPUT READY  | cyc=612 | $time=6130 | column 608 of 768
      lane=0  elem=608  (tile 32)   result=47fa   expected=47fa   OK

>>> INPUT  SENT   | cyc=613 | $time=6140 | column 612 of 768
      lane=0  elem=612  (tile 36)   a=444e  b=444e  c=42fd  d=4448

<<< OUTPUT READY  | cyc=613 | $time=6140 | column 609 of 768
      lane=0  elem=609  (tile 33)   result=483e   expected=483e   OK

>>> INPUT  SENT   | cyc=614 | $time=6150 | column 613 of 768
      lane=0  elem=613  (tile 37)   a=4447  b=c3f0  c=442a  d=c425

<<< OUTPUT READY  | cyc=614 | $time=6150 | column 610 of 768
      lane=0  elem=610  (tile 34)   result=48a6   expected=48a6   OK

>>> INPUT  SENT   | cyc=615 | $time=6160 | column 614 of 768
      lane=0  elem=614  (tile 38)   a=c381  b=4403  c=43cc  d=c405

<<< OUTPUT READY  | cyc=615 | $time=6160 | column 611 of 768
      lane=0  elem=611  (tile 35)   result=c684   expected=c684   OK

>>> INPUT  SENT   | cyc=616 | $time=6170 | column 615 of 768
      lane=0  elem=615  (tile 39)   a=4455  b=c16f  c=4461  d=c386

<<< OUTPUT READY  | cyc=616 | $time=6170 | column 612 of 768
      lane=0  elem=612  (tile 36)   result=493d   expected=493d   OK

>>> INPUT  SENT   | cyc=617 | $time=6180 | column 616 of 768
      lane=0  elem=616  (tile 40)   a=c32b  b=43eb  c=c3da  d=c435

<<< OUTPUT READY  | cyc=617 | $time=6180 | column 613 of 768
      lane=0  elem=613  (tile 37)   result=c94a   expected=c94a   OK

>>> INPUT  SENT   | cyc=618 | $time=6190 | column 617 of 768
      lane=0  elem=617  (tile 41)   a=4402  b=445e  c=c31f  d=4375

<<< OUTPUT READY  | cyc=618 | $time=6190 | column 614 of 768
      lane=0  elem=614  (tile 38)   result=c8ab   expected=c8ab   OK

>>> INPUT  SENT   | cyc=619 | $time=6200 | column 618 of 768
      lane=0  elem=618  (tile 42)   a=c46e  b=413e  c=438e  d=c401

<<< OUTPUT READY  | cyc=619 | $time=6200 | column 615 of 768
      lane=0  elem=615  (tile 39)   result=c877   expected=c877   OK

>>> INPUT  SENT   | cyc=620 | $time=6210 | column 619 of 768
      lane=0  elem=619  (tile 43)   a=c3a5  b=4475  c=4207  d=443a

<<< OUTPUT READY  | cyc=620 | $time=6210 | column 616 of 768
      lane=0  elem=616  (tile 40)   result=4866   expected=4866   OK

>>> INPUT  SENT   | cyc=621 | $time=6220 | column 620 of 768
      lane=0  elem=620  (tile 44)   a=c40d  b=c3e9  c=c3d0  d=43dd

<<< OUTPUT READY  | cyc=621 | $time=6220 | column 617 of 768
      lane=0  elem=617  (tile 41)   result=48ce   expected=48ce   OK

>>> INPUT  SENT   | cyc=622 | $time=6230 | column 621 of 768
      lane=0  elem=621  (tile 45)   a=4447  b=c478  c=c293  d=43a8

<<< OUTPUT READY  | cyc=622 | $time=6230 | column 618 of 768
      lane=0  elem=618  (tile 42)   result=c81a   expected=c81a   OK

>>> INPUT  SENT   | cyc=623 | $time=6240 | column 622 of 768
      lane=0  elem=622  (tile 46)   a=4444  b=c330  c=442e  d=4321

<<< OUTPUT READY  | cyc=623 | $time=6240 | column 619 of 768
      lane=0  elem=619  (tile 43)   result=c891   expected=c891   OK

>>> INPUT  SENT   | cyc=624 | $time=6250 | column 623 of 768
      lane=0  elem=623  (tile 47)   a=c3fe  b=441a  c=4320  d=c415

<<< OUTPUT READY  | cyc=624 | $time=6250 | column 620 of 768
      lane=0  elem=620  (tile 44)   result=479c   expected=479c   OK

>>> INPUT  SENT   | cyc=625 | $time=6260 | column 624 of 768
      lane=0  elem=624  (tile 48)   a=c41f  b=444c  c=c36c  d=c35d

<<< OUTPUT READY  | cyc=625 | $time=6260 | column 621 of 768
      lane=0  elem=621  (tile 45)   result=c946   expected=c946   OK

>>> INPUT  SENT   | cyc=626 | $time=6270 | column 625 of 768
      lane=0  elem=625  (tile 49)   a=42fa  b=c437  c=c2ec  d=444e

<<< OUTPUT READY  | cyc=626 | $time=6270 | column 622 of 768
      lane=0  elem=622  (tile 46)   result=c6c8   expected=c6c8   OK

>>> INPUT  SENT   | cyc=627 | $time=6280 | column 626 of 768
      lane=0  elem=626  (tile 50)   a=43ca  b=4383  c=43f8  d=4447

<<< OUTPUT READY  | cyc=627 | $time=6280 | column 623 of 768
      lane=0  elem=623  (tile 47)   result=c8c6   expected=c8c6   OK

>>> INPUT  SENT   | cyc=628 | $time=6290 | column 627 of 768
      lane=0  elem=627  (tile 51)   a=42b7  b=c41e  c=c41c  d=c381

<<< OUTPUT READY  | cyc=628 | $time=6290 | column 624 of 768
      lane=0  elem=624  (tile 48)   result=c8e4   expected=c8e4   OK

>>> INPUT  SENT   | cyc=629 | $time=6300 | column 628 of 768
      lane=0  elem=628  (tile 52)   a=4372  b=42ee  c=4399  d=4455

<<< OUTPUT READY  | cyc=629 | $time=6300 | column 625 of 768
      lane=0  elem=625  (tile 49)   result=c837   expected=c837   OK

>>> INPUT  SENT   | cyc=630 | $time=6310 | column 629 of 768
      lane=0  elem=629  (tile 53)   a=444e  b=42fd  c=4448  d=c32b

<<< OUTPUT READY  | cyc=630 | $time=6310 | column 626 of 768
      lane=0  elem=626  (tile 50)   result=48f3   expected=48f3   OK

>>> INPUT  SENT   | cyc=631 | $time=6320 | column 630 of 768
      lane=0  elem=630  (tile 54)   a=c3f0  b=442a  c=c425  d=4402

<<< OUTPUT READY  | cyc=631 | $time=6320 | column 627 of 768
      lane=0  elem=627  (tile 51)   result=47ca   expected=47ca   OK

>>> INPUT  SENT   | cyc=632 | $time=6330 | column 631 of 768
      lane=0  elem=631  (tile 55)   a=4403  b=43cc  c=c405  d=c46e

<<< OUTPUT READY  | cyc=632 | $time=6330 | column 628 of 768
      lane=0  elem=628  (tile 52)   result=488d   expected=488d   OK

>>> INPUT  SENT   | cyc=633 | $time=6340 | column 632 of 768
      lane=0  elem=632  (tile 56)   a=c16f  b=4461  c=c386  d=c3a5

<<< OUTPUT READY  | cyc=633 | $time=6340 | column 629 of 768
      lane=0  elem=629  (tile 53)   result=c700   expected=c700   OK

>>> INPUT  SENT   | cyc=634 | $time=6350 | column 633 of 768
      lane=0  elem=633  (tile 57)   a=43eb  b=c3da  c=c435  d=c40d

<<< OUTPUT READY  | cyc=634 | $time=6350 | column 630 of 768
      lane=0  elem=630  (tile 54)   result=c923   expected=c923   OK

>>> INPUT  SENT   | cyc=635 | $time=6360 | column 634 of 768
      lane=0  elem=634  (tile 58)   a=445e  b=c31f  c=4375  d=4447

<<< OUTPUT READY  | cyc=635 | $time=6360 | column 631 of 768
      lane=0  elem=631  (tile 55)   result=492f   expected=492f   OK

>>> INPUT  SENT   | cyc=636 | $time=6370 | column 635 of 768
      lane=0  elem=635  (tile 59)   a=413e  b=438e  c=c401  d=4444

<<< OUTPUT READY  | cyc=636 | $time=6370 | column 632 of 768
      lane=0  elem=632  (tile 56)   result=4792   expected=4792   OK

>>> INPUT  SENT   | cyc=637 | $time=6380 | column 636 of 768
      lane=0  elem=636  (tile 60)   a=4475  b=4207  c=443a  d=c3fe

<<< OUTPUT READY  | cyc=637 | $time=6380 | column 633 of 768
      lane=0  elem=633  (tile 57)   result=4846   expected=4846   OK

>>> INPUT  SENT   | cyc=638 | $time=6390 | column 637 of 768
      lane=0  elem=637  (tile 61)   a=c3e9  b=c3d0  c=43dd  d=c41f

<<< OUTPUT READY  | cyc=638 | $time=6390 | column 634 of 768
      lane=0  elem=634  (tile 58)   result=4754   expected=4754   OK

>>> INPUT  SENT   | cyc=639 | $time=6400 | column 638 of 768
      lane=0  elem=638  (tile 62)   a=c478  b=c293  c=43a8  d=42fa

<<< OUTPUT READY  | cyc=639 | $time=6400 | column 635 of 768
      lane=0  elem=635  (tile 59)   result=c8c4   expected=c8c4   OK

>>> INPUT  SENT   | cyc=640 | $time=6410 | column 639 of 768
      lane=0  elem=639  (tile 63)   a=c330  b=442e  c=4321  d=43ca

<<< OUTPUT READY  | cyc=640 | $time=6410 | column 636 of 768
      lane=0  elem=636  (tile 60)   result=c8a8   expected=c8a8   OK

>>> INPUT  SENT   | cyc=641 | $time=6420 | column 640 of 768
      lane=0  elem=640  (tile 0)   a=441a  b=4320  c=c415  d=42b7

<<< OUTPUT READY  | cyc=641 | $time=6420 | column 637 of 768
      lane=0  elem=637  (tile 61)   result=c7ac   expected=c7ac   OK

>>> INPUT  SENT   | cyc=642 | $time=6430 | column 641 of 768
      lane=0  elem=641  (tile 1)   a=444c  b=c36c  c=c35d  d=4372

<<< OUTPUT READY  | cyc=642 | $time=6430 | column 638 of 768
      lane=0  elem=638  (tile 62)   result=47e0   expected=47e0   OK

>>> INPUT  SENT   | cyc=643 | $time=6440 | column 642 of 768
      lane=0  elem=642  (tile 2)   a=c437  b=c2ec  c=444e  d=444e

<<< OUTPUT READY  | cyc=643 | $time=6440 | column 639 of 768
      lane=0  elem=639  (tile 63)   result=c760   expected=c760   OK

>>> INPUT  SENT   | cyc=644 | $time=6450 | column 643 of 768
      lane=0  elem=643  (tile 3)   a=4383  b=43f8  c=4447  d=c3f0

<<< OUTPUT READY  | cyc=644 | $time=6450 | column 640 of 768
      lane=0  elem=640  (tile 0)   result=472c   expected=472c   OK

>>> INPUT  SENT   | cyc=645 | $time=6460 | column 644 of 768
      lane=0  elem=644  (tile 4)   a=c41e  b=c41c  c=c381  d=4403

<<< OUTPUT READY  | cyc=645 | $time=6460 | column 641 of 768
      lane=0  elem=641  (tile 1)   result=c870   expected=c870   OK

>>> INPUT  SENT   | cyc=646 | $time=6470 | column 645 of 768
      lane=0  elem=645  (tile 5)   a=42ee  b=4399  c=4455  d=c16f

<<< OUTPUT READY  | cyc=646 | $time=6470 | column 642 of 768
      lane=0  elem=642  (tile 2)   result=493a   expected=493a   OK

>>> INPUT  SENT   | cyc=647 | $time=6480 | column 646 of 768
      lane=0  elem=646  (tile 6)   a=42fd  b=4448  c=c32b  d=43eb

<<< OUTPUT READY  | cyc=647 | $time=6480 | column 643 of 768
      lane=0  elem=643  (tile 3)   result=c876   expected=c876   OK

>>> INPUT  SENT   | cyc=648 | $time=6490 | column 647 of 768
      lane=0  elem=647  (tile 7)   a=442a  b=c425  c=4402  d=445e

<<< OUTPUT READY  | cyc=648 | $time=6490 | column 644 of 768
      lane=0  elem=644  (tile 4)   result=487c   expected=487c   OK

>>> INPUT  SENT   | cyc=649 | $time=6500 | column 648 of 768
      lane=0  elem=648  (tile 8)   a=43cc  b=c405  c=c46e  d=413e

<<< OUTPUT READY  | cyc=649 | $time=6500 | column 645 of 768
      lane=0  elem=645  (tile 5)   result=46ba   expected=46ba   OK

>>> INPUT  SENT   | cyc=650 | $time=6510 | column 649 of 768
      lane=0  elem=649  (tile 9)   a=4461  b=c386  c=c3a5  d=4475

<<< OUTPUT READY  | cyc=650 | $time=6510 | column 646 of 768
      lane=0  elem=646  (tile 6)   result=46a4   expected=46a4   OK

>>> INPUT  SENT   | cyc=651 | $time=6520 | column 650 of 768
      lane=0  elem=650  (tile 10)   a=c3da  b=c435  c=c40d  d=c3e9

<<< OUTPUT READY  | cyc=651 | $time=6520 | column 647 of 768
      lane=0  elem=647  (tile 7)   result=4640   expected=4640   OK

>>> INPUT  SENT   | cyc=652 | $time=6530 | column 651 of 768
      lane=0  elem=651  (tile 11)   a=c31f  b=4375  c=4447  d=c478

<<< OUTPUT READY  | cyc=652 | $time=6530 | column 648 of 768
      lane=0  elem=648  (tile 8)   result=c85e   expected=c85e   OK

>>> INPUT  SENT   | cyc=653 | $time=6540 | column 652 of 768
      lane=0  elem=652  (tile 12)   a=438e  b=c401  c=4444  d=c330

<<< OUTPUT READY  | cyc=653 | $time=6540 | column 649 of 768
      lane=0  elem=649  (tile 9)   result=c909   expected=c909   OK

>>> INPUT  SENT   | cyc=654 | $time=6550 | column 653 of 768
      lane=0  elem=653  (tile 13)   a=4207  b=443a  c=c3fe  d=441a

<<< OUTPUT READY  | cyc=654 | $time=6550 | column 650 of 768
      lane=0  elem=650  (tile 10)   result=490d   expected=490d   OK

>>> INPUT  SENT   | cyc=655 | $time=6560 | column 654 of 768
      lane=0  elem=654  (tile 14)   a=c3d0  b=43dd  c=c41f  d=444c

<<< OUTPUT READY  | cyc=655 | $time=6560 | column 651 of 768
      lane=0  elem=651  (tile 11)   result=c949   expected=c949   OK

>>> INPUT  SENT   | cyc=656 | $time=6570 | column 655 of 768
      lane=0  elem=655  (tile 15)   a=c293  b=43a8  c=42fa  d=c437

<<< OUTPUT READY  | cyc=656 | $time=6570 | column 652 of 768
      lane=0  elem=652  (tile 12)   result=c88a   expected=c88a   OK

>>> INPUT  SENT   | cyc=657 | $time=6580 | column 656 of 768
      lane=0  elem=656  (tile 16)   a=442e  b=4321  c=43ca  d=4383

<<< OUTPUT READY  | cyc=657 | $time=6580 | column 653 of 768
      lane=0  elem=653  (tile 13)   result=c88c   expected=c88c   OK

>>> INPUT  SENT   | cyc=658 | $time=6590 | column 657 of 768
      lane=0  elem=657  (tile 17)   a=4320  b=c415  c=42b7  d=c41e

<<< OUTPUT READY  | cyc=658 | $time=6590 | column 654 of 768
      lane=0  elem=654  (tile 14)   result=c92b   expected=c92b   OK

>>> INPUT  SENT   | cyc=659 | $time=6600 | column 658 of 768
      lane=0  elem=658  (tile 18)   a=c36c  b=c35d  c=4372  d=42ee

<<< OUTPUT READY  | cyc=659 | $time=6600 | column 655 of 768
      lane=0  elem=655  (tile 15)   result=c7e2   expected=c7e2   OK
+---------------------------------------------------------------
| SPOT CHECK  elem=655  (tile idx 15)   col=655  lane=0  cyc=659
|    a = c293     b = 43a8
|    c = 42fa     d = c437
|    a*b       = c6c0
|    c*d       = c7b2
|    a*b + c*d = c7e2   <- reference
|    DUT result= c7e2   OK
+---------------------------------------------------------------

>>> INPUT  SENT   | cyc=660 | $time=6610 | column 659 of 768
      lane=0  elem=659  (tile 19)   a=c2ec  b=444e  c=444e  d=42fd

<<< OUTPUT READY  | cyc=660 | $time=6610 | column 656 of 768
      lane=0  elem=656  (tile 16)   result=4854   expected=4854   OK

>>> INPUT  SENT   | cyc=661 | $time=6620 | column 660 of 768
      lane=0  elem=660  (tile 20)   a=43f8  b=4447  c=c3f0  d=442a

<<< OUTPUT READY  | cyc=661 | $time=6620 | column 657 of 768
      lane=0  elem=657  (tile 17)   result=c815   expected=c815   OK

>>> INPUT  SENT   | cyc=662 | $time=6630 | column 661 of 768
      lane=0  elem=661  (tile 21)   a=c41c  b=c381  c=4403  d=43cc

<<< OUTPUT READY  | cyc=662 | $time=6630 | column 658 of 768
      lane=0  elem=658  (tile 18)   result=479d   expected=479d   OK

>>> INPUT  SENT   | cyc=663 | $time=6640 | column 662 of 768
      lane=0  elem=662  (tile 22)   a=4399  b=4455  c=c16f  d=4461

<<< OUTPUT READY  | cyc=663 | $time=6640 | column 659 of 768
      lane=0  elem=659  (tile 19)   result=45e0   expected=45e0   OK

>>> INPUT  SENT   | cyc=664 | $time=6650 | column 663 of 768
      lane=0  elem=663  (tile 23)   a=4448  b=c32b  c=43eb  d=c3da

<<< OUTPUT READY  | cyc=664 | $time=6650 | column 660 of 768
      lane=0  elem=660  (tile 20)   result=4784   expected=4784   OK

>>> INPUT  SENT   | cyc=665 | $time=6660 | column 664 of 768
      lane=0  elem=664  (tile 24)   a=c425  b=4402  c=445e  d=c31f

<<< OUTPUT READY  | cyc=665 | $time=6660 | column 661 of 768
      lane=0  elem=661  (tile 21)   result=48b6   expected=48b6   OK

>>> INPUT  SENT   | cyc=666 | $time=6670 | column 665 of 768
      lane=0  elem=665  (tile 25)   a=c405  b=c46e  c=413e  d=438e

<<< OUTPUT READY  | cyc=666 | $time=6670 | column 662 of 768
      lane=0  elem=662  (tile 22)   result=4871   expected=4871   OK

>>> INPUT  SENT   | cyc=667 | $time=6680 | column 666 of 768
      lane=0  elem=666  (tile 26)   a=c386  b=c3a5  c=4475  d=4207

<<< OUTPUT READY  | cyc=667 | $time=6680 | column 663 of 768
      lane=0  elem=663  (tile 23)   result=c8a6   expected=c8a6   OK

>>> INPUT  SENT   | cyc=668 | $time=6690 | column 667 of 768
      lane=0  elem=667  (tile 27)   a=c435  b=c40d  c=c3e9  d=c3d0

<<< OUTPUT READY  | cyc=668 | $time=6690 | column 664 of 768
      lane=0  elem=664  (tile 24)   result=c8eb   expected=c8eb   OK

>>> INPUT  SENT   | cyc=669 | $time=6700 | column 668 of 768
      lane=0  elem=668  (tile 28)   a=4375  b=4447  c=c478  d=c293

<<< OUTPUT READY  | cyc=669 | $time=6700 | column 665 of 768
      lane=0  elem=665  (tile 25)   result=48f8   expected=48f8   OK

>>> INPUT  SENT   | cyc=670 | $time=6710 | column 669 of 768
      lane=0  elem=669  (tile 29)   a=c401  b=4444  c=c330  d=442e

<<< OUTPUT READY  | cyc=670 | $time=6710 | column 666 of 768
      lane=0  elem=666  (tile 26)   result=47ec   expected=47ec   OK

>>> INPUT  SENT   | cyc=671 | $time=6720 | column 670 of 768
      lane=0  elem=670  (tile 30)   a=443a  b=c3fe  c=441a  d=4320

<<< OUTPUT READY  | cyc=671 | $time=6720 | column 667 of 768
      lane=0  elem=667  (tile 27)   result=4912   expected=4912   OK

>>> INPUT  SENT   | cyc=672 | $time=6730 | column 671 of 768
      lane=0  elem=671  (tile 31)   a=43dd  b=c41f  c=444c  d=c36c

<<< OUTPUT READY  | cyc=672 | $time=6730 | column 668 of 768
      lane=0  elem=668  (tile 28)   result=4882   expected=4882   OK

>>> INPUT  SENT   | cyc=673 | $time=6740 | column 672 of 768
      lane=0  elem=672  (tile 32)   a=43a8  b=42fa  c=c437  d=c2ec

<<< OUTPUT READY  | cyc=673 | $time=6740 | column 669 of 768
      lane=0  elem=669  (tile 29)   result=c900   expected=c900   OK

>>> INPUT  SENT   | cyc=674 | $time=6750 | column 673 of 768
      lane=0  elem=673  (tile 33)   a=4321  b=43ca  c=4383  d=43f8

<<< OUTPUT READY  | cyc=674 | $time=6750 | column 670 of 768
      lane=0  elem=670  (tile 30)   result=c888   expected=c888   OK

>>> INPUT  SENT   | cyc=675 | $time=6760 | column 674 of 768
      lane=0  elem=674  (tile 34)   a=c415  b=42b7  c=c41e  d=c41c

<<< OUTPUT READY  | cyc=675 | $time=6760 | column 671 of 768
      lane=0  elem=671  (tile 31)   result=c8e7   expected=c8e7   OK

>>> INPUT  SENT   | cyc=676 | $time=6770 | column 675 of 768
      lane=0  elem=675  (tile 35)   a=c35d  b=4372  c=42ee  d=4399

<<< OUTPUT READY  | cyc=676 | $time=6770 | column 672 of 768
      lane=0  elem=672  (tile 32)   result=47fa   expected=47fa   OK

>>> INPUT  SENT   | cyc=677 | $time=6780 | column 676 of 768
      lane=0  elem=676  (tile 36)   a=444e  b=444e  c=42fd  d=4448

<<< OUTPUT READY  | cyc=677 | $time=6780 | column 673 of 768
      lane=0  elem=673  (tile 33)   result=483e   expected=483e   OK

>>> INPUT  SENT   | cyc=678 | $time=6790 | column 677 of 768
      lane=0  elem=677  (tile 37)   a=4447  b=c3f0  c=442a  d=c425

<<< OUTPUT READY  | cyc=678 | $time=6790 | column 674 of 768
      lane=0  elem=674  (tile 34)   result=48a6   expected=48a6   OK

>>> INPUT  SENT   | cyc=679 | $time=6800 | column 678 of 768
      lane=0  elem=678  (tile 38)   a=c381  b=4403  c=43cc  d=c405

<<< OUTPUT READY  | cyc=679 | $time=6800 | column 675 of 768
      lane=0  elem=675  (tile 35)   result=c684   expected=c684   OK

>>> INPUT  SENT   | cyc=680 | $time=6810 | column 679 of 768
      lane=0  elem=679  (tile 39)   a=4455  b=c16f  c=4461  d=c386

<<< OUTPUT READY  | cyc=680 | $time=6810 | column 676 of 768
      lane=0  elem=676  (tile 36)   result=493d   expected=493d   OK

>>> INPUT  SENT   | cyc=681 | $time=6820 | column 680 of 768
      lane=0  elem=680  (tile 40)   a=c32b  b=43eb  c=c3da  d=c435

<<< OUTPUT READY  | cyc=681 | $time=6820 | column 677 of 768
      lane=0  elem=677  (tile 37)   result=c94a   expected=c94a   OK

>>> INPUT  SENT   | cyc=682 | $time=6830 | column 681 of 768
      lane=0  elem=681  (tile 41)   a=4402  b=445e  c=c31f  d=4375

<<< OUTPUT READY  | cyc=682 | $time=6830 | column 678 of 768
      lane=0  elem=678  (tile 38)   result=c8ab   expected=c8ab   OK

>>> INPUT  SENT   | cyc=683 | $time=6840 | column 682 of 768
      lane=0  elem=682  (tile 42)   a=c46e  b=413e  c=438e  d=c401

<<< OUTPUT READY  | cyc=683 | $time=6840 | column 679 of 768
      lane=0  elem=679  (tile 39)   result=c877   expected=c877   OK

>>> INPUT  SENT   | cyc=684 | $time=6850 | column 683 of 768
      lane=0  elem=683  (tile 43)   a=c3a5  b=4475  c=4207  d=443a

<<< OUTPUT READY  | cyc=684 | $time=6850 | column 680 of 768
      lane=0  elem=680  (tile 40)   result=4866   expected=4866   OK

>>> INPUT  SENT   | cyc=685 | $time=6860 | column 684 of 768
      lane=0  elem=684  (tile 44)   a=c40d  b=c3e9  c=c3d0  d=43dd

<<< OUTPUT READY  | cyc=685 | $time=6860 | column 681 of 768
      lane=0  elem=681  (tile 41)   result=48ce   expected=48ce   OK

>>> INPUT  SENT   | cyc=686 | $time=6870 | column 685 of 768
      lane=0  elem=685  (tile 45)   a=4447  b=c478  c=c293  d=43a8

<<< OUTPUT READY  | cyc=686 | $time=6870 | column 682 of 768
      lane=0  elem=682  (tile 42)   result=c81a   expected=c81a   OK

>>> INPUT  SENT   | cyc=687 | $time=6880 | column 686 of 768
      lane=0  elem=686  (tile 46)   a=4444  b=c330  c=442e  d=4321

<<< OUTPUT READY  | cyc=687 | $time=6880 | column 683 of 768
      lane=0  elem=683  (tile 43)   result=c891   expected=c891   OK

>>> INPUT  SENT   | cyc=688 | $time=6890 | column 687 of 768
      lane=0  elem=687  (tile 47)   a=c3fe  b=441a  c=4320  d=c415

<<< OUTPUT READY  | cyc=688 | $time=6890 | column 684 of 768
      lane=0  elem=684  (tile 44)   result=479c   expected=479c   OK

>>> INPUT  SENT   | cyc=689 | $time=6900 | column 688 of 768
      lane=0  elem=688  (tile 48)   a=c41f  b=444c  c=c36c  d=c35d

<<< OUTPUT READY  | cyc=689 | $time=6900 | column 685 of 768
      lane=0  elem=685  (tile 45)   result=c946   expected=c946   OK

>>> INPUT  SENT   | cyc=690 | $time=6910 | column 689 of 768
      lane=0  elem=689  (tile 49)   a=42fa  b=c437  c=c2ec  d=444e

<<< OUTPUT READY  | cyc=690 | $time=6910 | column 686 of 768
      lane=0  elem=686  (tile 46)   result=c6c8   expected=c6c8   OK

>>> INPUT  SENT   | cyc=691 | $time=6920 | column 690 of 768
      lane=0  elem=690  (tile 50)   a=43ca  b=4383  c=43f8  d=4447

<<< OUTPUT READY  | cyc=691 | $time=6920 | column 687 of 768
      lane=0  elem=687  (tile 47)   result=c8c6   expected=c8c6   OK

>>> INPUT  SENT   | cyc=692 | $time=6930 | column 691 of 768
      lane=0  elem=691  (tile 51)   a=42b7  b=c41e  c=c41c  d=c381

<<< OUTPUT READY  | cyc=692 | $time=6930 | column 688 of 768
      lane=0  elem=688  (tile 48)   result=c8e4   expected=c8e4   OK

>>> INPUT  SENT   | cyc=693 | $time=6940 | column 692 of 768
      lane=0  elem=692  (tile 52)   a=4372  b=42ee  c=4399  d=4455

<<< OUTPUT READY  | cyc=693 | $time=6940 | column 689 of 768
      lane=0  elem=689  (tile 49)   result=c837   expected=c837   OK

>>> INPUT  SENT   | cyc=694 | $time=6950 | column 693 of 768
      lane=0  elem=693  (tile 53)   a=444e  b=42fd  c=4448  d=c32b

<<< OUTPUT READY  | cyc=694 | $time=6950 | column 690 of 768
      lane=0  elem=690  (tile 50)   result=48f3   expected=48f3   OK

>>> INPUT  SENT   | cyc=695 | $time=6960 | column 694 of 768
      lane=0  elem=694  (tile 54)   a=c3f0  b=442a  c=c425  d=4402

<<< OUTPUT READY  | cyc=695 | $time=6960 | column 691 of 768
      lane=0  elem=691  (tile 51)   result=47ca   expected=47ca   OK

>>> INPUT  SENT   | cyc=696 | $time=6970 | column 695 of 768
      lane=0  elem=695  (tile 55)   a=4403  b=43cc  c=c405  d=c46e

<<< OUTPUT READY  | cyc=696 | $time=6970 | column 692 of 768
      lane=0  elem=692  (tile 52)   result=488d   expected=488d   OK

>>> INPUT  SENT   | cyc=697 | $time=6980 | column 696 of 768
      lane=0  elem=696  (tile 56)   a=c16f  b=4461  c=c386  d=c3a5

<<< OUTPUT READY  | cyc=697 | $time=6980 | column 693 of 768
      lane=0  elem=693  (tile 53)   result=c700   expected=c700   OK

>>> INPUT  SENT   | cyc=698 | $time=6990 | column 697 of 768
      lane=0  elem=697  (tile 57)   a=43eb  b=c3da  c=c435  d=c40d

<<< OUTPUT READY  | cyc=698 | $time=6990 | column 694 of 768
      lane=0  elem=694  (tile 54)   result=c923   expected=c923   OK

>>> INPUT  SENT   | cyc=699 | $time=7000 | column 698 of 768
      lane=0  elem=698  (tile 58)   a=445e  b=c31f  c=4375  d=4447

<<< OUTPUT READY  | cyc=699 | $time=7000 | column 695 of 768
      lane=0  elem=695  (tile 55)   result=492f   expected=492f   OK

>>> INPUT  SENT   | cyc=700 | $time=7010 | column 699 of 768
      lane=0  elem=699  (tile 59)   a=413e  b=438e  c=c401  d=4444

<<< OUTPUT READY  | cyc=700 | $time=7010 | column 696 of 768
      lane=0  elem=696  (tile 56)   result=4792   expected=4792   OK

>>> INPUT  SENT   | cyc=701 | $time=7020 | column 700 of 768
      lane=0  elem=700  (tile 60)   a=4475  b=4207  c=443a  d=c3fe

<<< OUTPUT READY  | cyc=701 | $time=7020 | column 697 of 768
      lane=0  elem=697  (tile 57)   result=4846   expected=4846   OK

>>> INPUT  SENT   | cyc=702 | $time=7030 | column 701 of 768
      lane=0  elem=701  (tile 61)   a=c3e9  b=c3d0  c=43dd  d=c41f

<<< OUTPUT READY  | cyc=702 | $time=7030 | column 698 of 768
      lane=0  elem=698  (tile 58)   result=4754   expected=4754   OK

>>> INPUT  SENT   | cyc=703 | $time=7040 | column 702 of 768
      lane=0  elem=702  (tile 62)   a=c478  b=c293  c=43a8  d=42fa

<<< OUTPUT READY  | cyc=703 | $time=7040 | column 699 of 768
      lane=0  elem=699  (tile 59)   result=c8c4   expected=c8c4   OK

>>> INPUT  SENT   | cyc=704 | $time=7050 | column 703 of 768
      lane=0  elem=703  (tile 63)   a=c330  b=442e  c=4321  d=43ca

<<< OUTPUT READY  | cyc=704 | $time=7050 | column 700 of 768
      lane=0  elem=700  (tile 60)   result=c8a8   expected=c8a8   OK

>>> INPUT  SENT   | cyc=705 | $time=7060 | column 704 of 768
      lane=0  elem=704  (tile 0)   a=441a  b=4320  c=c415  d=42b7

<<< OUTPUT READY  | cyc=705 | $time=7060 | column 701 of 768
      lane=0  elem=701  (tile 61)   result=c7ac   expected=c7ac   OK

>>> INPUT  SENT   | cyc=706 | $time=7070 | column 705 of 768
      lane=0  elem=705  (tile 1)   a=444c  b=c36c  c=c35d  d=4372

<<< OUTPUT READY  | cyc=706 | $time=7070 | column 702 of 768
      lane=0  elem=702  (tile 62)   result=47e0   expected=47e0   OK

>>> INPUT  SENT   | cyc=707 | $time=7080 | column 706 of 768
      lane=0  elem=706  (tile 2)   a=c437  b=c2ec  c=444e  d=444e

<<< OUTPUT READY  | cyc=707 | $time=7080 | column 703 of 768
      lane=0  elem=703  (tile 63)   result=c760   expected=c760   OK

>>> INPUT  SENT   | cyc=708 | $time=7090 | column 707 of 768
      lane=0  elem=707  (tile 3)   a=4383  b=43f8  c=4447  d=c3f0

<<< OUTPUT READY  | cyc=708 | $time=7090 | column 704 of 768
      lane=0  elem=704  (tile 0)   result=472c   expected=472c   OK

>>> INPUT  SENT   | cyc=709 | $time=7100 | column 708 of 768
      lane=0  elem=708  (tile 4)   a=c41e  b=c41c  c=c381  d=4403

<<< OUTPUT READY  | cyc=709 | $time=7100 | column 705 of 768
      lane=0  elem=705  (tile 1)   result=c870   expected=c870   OK

>>> INPUT  SENT   | cyc=710 | $time=7110 | column 709 of 768
      lane=0  elem=709  (tile 5)   a=42ee  b=4399  c=4455  d=c16f

<<< OUTPUT READY  | cyc=710 | $time=7110 | column 706 of 768
      lane=0  elem=706  (tile 2)   result=493a   expected=493a   OK

>>> INPUT  SENT   | cyc=711 | $time=7120 | column 710 of 768
      lane=0  elem=710  (tile 6)   a=42fd  b=4448  c=c32b  d=43eb

<<< OUTPUT READY  | cyc=711 | $time=7120 | column 707 of 768
      lane=0  elem=707  (tile 3)   result=c876   expected=c876   OK

>>> INPUT  SENT   | cyc=712 | $time=7130 | column 711 of 768
      lane=0  elem=711  (tile 7)   a=442a  b=c425  c=4402  d=445e

<<< OUTPUT READY  | cyc=712 | $time=7130 | column 708 of 768
      lane=0  elem=708  (tile 4)   result=487c   expected=487c   OK

>>> INPUT  SENT   | cyc=713 | $time=7140 | column 712 of 768
      lane=0  elem=712  (tile 8)   a=43cc  b=c405  c=c46e  d=413e

<<< OUTPUT READY  | cyc=713 | $time=7140 | column 709 of 768
      lane=0  elem=709  (tile 5)   result=46ba   expected=46ba   OK

>>> INPUT  SENT   | cyc=714 | $time=7150 | column 713 of 768
      lane=0  elem=713  (tile 9)   a=4461  b=c386  c=c3a5  d=4475

<<< OUTPUT READY  | cyc=714 | $time=7150 | column 710 of 768
      lane=0  elem=710  (tile 6)   result=46a4   expected=46a4   OK

>>> INPUT  SENT   | cyc=715 | $time=7160 | column 714 of 768
      lane=0  elem=714  (tile 10)   a=c3da  b=c435  c=c40d  d=c3e9

<<< OUTPUT READY  | cyc=715 | $time=7160 | column 711 of 768
      lane=0  elem=711  (tile 7)   result=4640   expected=4640   OK

>>> INPUT  SENT   | cyc=716 | $time=7170 | column 715 of 768
      lane=0  elem=715  (tile 11)   a=c31f  b=4375  c=4447  d=c478

<<< OUTPUT READY  | cyc=716 | $time=7170 | column 712 of 768
      lane=0  elem=712  (tile 8)   result=c85e   expected=c85e   OK

>>> INPUT  SENT   | cyc=717 | $time=7180 | column 716 of 768
      lane=0  elem=716  (tile 12)   a=438e  b=c401  c=4444  d=c330

<<< OUTPUT READY  | cyc=717 | $time=7180 | column 713 of 768
      lane=0  elem=713  (tile 9)   result=c909   expected=c909   OK

>>> INPUT  SENT   | cyc=718 | $time=7190 | column 717 of 768
      lane=0  elem=717  (tile 13)   a=4207  b=443a  c=c3fe  d=441a

<<< OUTPUT READY  | cyc=718 | $time=7190 | column 714 of 768
      lane=0  elem=714  (tile 10)   result=490d   expected=490d   OK

>>> INPUT  SENT   | cyc=719 | $time=7200 | column 718 of 768
      lane=0  elem=718  (tile 14)   a=c3d0  b=43dd  c=c41f  d=444c

<<< OUTPUT READY  | cyc=719 | $time=7200 | column 715 of 768
      lane=0  elem=715  (tile 11)   result=c949   expected=c949   OK

>>> INPUT  SENT   | cyc=720 | $time=7210 | column 719 of 768
      lane=0  elem=719  (tile 15)   a=c293  b=43a8  c=42fa  d=c437

<<< OUTPUT READY  | cyc=720 | $time=7210 | column 716 of 768
      lane=0  elem=716  (tile 12)   result=c88a   expected=c88a   OK

>>> INPUT  SENT   | cyc=721 | $time=7220 | column 720 of 768
      lane=0  elem=720  (tile 16)   a=442e  b=4321  c=43ca  d=4383

<<< OUTPUT READY  | cyc=721 | $time=7220 | column 717 of 768
      lane=0  elem=717  (tile 13)   result=c88c   expected=c88c   OK

>>> INPUT  SENT   | cyc=722 | $time=7230 | column 721 of 768
      lane=0  elem=721  (tile 17)   a=4320  b=c415  c=42b7  d=c41e

<<< OUTPUT READY  | cyc=722 | $time=7230 | column 718 of 768
      lane=0  elem=718  (tile 14)   result=c92b   expected=c92b   OK

>>> INPUT  SENT   | cyc=723 | $time=7240 | column 722 of 768
      lane=0  elem=722  (tile 18)   a=c36c  b=c35d  c=4372  d=42ee

<<< OUTPUT READY  | cyc=723 | $time=7240 | column 719 of 768
      lane=0  elem=719  (tile 15)   result=c7e2   expected=c7e2   OK

>>> INPUT  SENT   | cyc=724 | $time=7250 | column 723 of 768
      lane=0  elem=723  (tile 19)   a=c2ec  b=444e  c=444e  d=42fd

<<< OUTPUT READY  | cyc=724 | $time=7250 | column 720 of 768
      lane=0  elem=720  (tile 16)   result=4854   expected=4854   OK

>>> INPUT  SENT   | cyc=725 | $time=7260 | column 724 of 768
      lane=0  elem=724  (tile 20)   a=43f8  b=4447  c=c3f0  d=442a

<<< OUTPUT READY  | cyc=725 | $time=7260 | column 721 of 768
      lane=0  elem=721  (tile 17)   result=c815   expected=c815   OK

>>> INPUT  SENT   | cyc=726 | $time=7270 | column 725 of 768
      lane=0  elem=725  (tile 21)   a=c41c  b=c381  c=4403  d=43cc

<<< OUTPUT READY  | cyc=726 | $time=7270 | column 722 of 768
      lane=0  elem=722  (tile 18)   result=479d   expected=479d   OK

>>> INPUT  SENT   | cyc=727 | $time=7280 | column 726 of 768
      lane=0  elem=726  (tile 22)   a=4399  b=4455  c=c16f  d=4461

<<< OUTPUT READY  | cyc=727 | $time=7280 | column 723 of 768
      lane=0  elem=723  (tile 19)   result=45e0   expected=45e0   OK

>>> INPUT  SENT   | cyc=728 | $time=7290 | column 727 of 768
      lane=0  elem=727  (tile 23)   a=4448  b=c32b  c=43eb  d=c3da

<<< OUTPUT READY  | cyc=728 | $time=7290 | column 724 of 768
      lane=0  elem=724  (tile 20)   result=4784   expected=4784   OK

>>> INPUT  SENT   | cyc=729 | $time=7300 | column 728 of 768
      lane=0  elem=728  (tile 24)   a=c425  b=4402  c=445e  d=c31f

<<< OUTPUT READY  | cyc=729 | $time=7300 | column 725 of 768
      lane=0  elem=725  (tile 21)   result=48b6   expected=48b6   OK

>>> INPUT  SENT   | cyc=730 | $time=7310 | column 729 of 768
      lane=0  elem=729  (tile 25)   a=c405  b=c46e  c=413e  d=438e

<<< OUTPUT READY  | cyc=730 | $time=7310 | column 726 of 768
      lane=0  elem=726  (tile 22)   result=4871   expected=4871   OK

>>> INPUT  SENT   | cyc=731 | $time=7320 | column 730 of 768
      lane=0  elem=730  (tile 26)   a=c386  b=c3a5  c=4475  d=4207

<<< OUTPUT READY  | cyc=731 | $time=7320 | column 727 of 768
      lane=0  elem=727  (tile 23)   result=c8a6   expected=c8a6   OK

>>> INPUT  SENT   | cyc=732 | $time=7330 | column 731 of 768
      lane=0  elem=731  (tile 27)   a=c435  b=c40d  c=c3e9  d=c3d0

<<< OUTPUT READY  | cyc=732 | $time=7330 | column 728 of 768
      lane=0  elem=728  (tile 24)   result=c8eb   expected=c8eb   OK

>>> INPUT  SENT   | cyc=733 | $time=7340 | column 732 of 768
      lane=0  elem=732  (tile 28)   a=4375  b=4447  c=c478  d=c293

<<< OUTPUT READY  | cyc=733 | $time=7340 | column 729 of 768
      lane=0  elem=729  (tile 25)   result=48f8   expected=48f8   OK

>>> INPUT  SENT   | cyc=734 | $time=7350 | column 733 of 768
      lane=0  elem=733  (tile 29)   a=c401  b=4444  c=c330  d=442e

<<< OUTPUT READY  | cyc=734 | $time=7350 | column 730 of 768
      lane=0  elem=730  (tile 26)   result=47ec   expected=47ec   OK

>>> INPUT  SENT   | cyc=735 | $time=7360 | column 734 of 768
      lane=0  elem=734  (tile 30)   a=443a  b=c3fe  c=441a  d=4320

<<< OUTPUT READY  | cyc=735 | $time=7360 | column 731 of 768
      lane=0  elem=731  (tile 27)   result=4912   expected=4912   OK

>>> INPUT  SENT   | cyc=736 | $time=7370 | column 735 of 768
      lane=0  elem=735  (tile 31)   a=43dd  b=c41f  c=444c  d=c36c

<<< OUTPUT READY  | cyc=736 | $time=7370 | column 732 of 768
      lane=0  elem=732  (tile 28)   result=4882   expected=4882   OK

>>> INPUT  SENT   | cyc=737 | $time=7380 | column 736 of 768
      lane=0  elem=736  (tile 32)   a=43a8  b=42fa  c=c437  d=c2ec

<<< OUTPUT READY  | cyc=737 | $time=7380 | column 733 of 768
      lane=0  elem=733  (tile 29)   result=c900   expected=c900   OK

>>> INPUT  SENT   | cyc=738 | $time=7390 | column 737 of 768
      lane=0  elem=737  (tile 33)   a=4321  b=43ca  c=4383  d=43f8

<<< OUTPUT READY  | cyc=738 | $time=7390 | column 734 of 768
      lane=0  elem=734  (tile 30)   result=c888   expected=c888   OK

>>> INPUT  SENT   | cyc=739 | $time=7400 | column 738 of 768
      lane=0  elem=738  (tile 34)   a=c415  b=42b7  c=c41e  d=c41c

<<< OUTPUT READY  | cyc=739 | $time=7400 | column 735 of 768
      lane=0  elem=735  (tile 31)   result=c8e7   expected=c8e7   OK

>>> INPUT  SENT   | cyc=740 | $time=7410 | column 739 of 768
      lane=0  elem=739  (tile 35)   a=c35d  b=4372  c=42ee  d=4399

<<< OUTPUT READY  | cyc=740 | $time=7410 | column 736 of 768
      lane=0  elem=736  (tile 32)   result=47fa   expected=47fa   OK

>>> INPUT  SENT   | cyc=741 | $time=7420 | column 740 of 768
      lane=0  elem=740  (tile 36)   a=444e  b=444e  c=42fd  d=4448

<<< OUTPUT READY  | cyc=741 | $time=7420 | column 737 of 768
      lane=0  elem=737  (tile 33)   result=483e   expected=483e   OK

>>> INPUT  SENT   | cyc=742 | $time=7430 | column 741 of 768
      lane=0  elem=741  (tile 37)   a=4447  b=c3f0  c=442a  d=c425

<<< OUTPUT READY  | cyc=742 | $time=7430 | column 738 of 768
      lane=0  elem=738  (tile 34)   result=48a6   expected=48a6   OK

>>> INPUT  SENT   | cyc=743 | $time=7440 | column 742 of 768
      lane=0  elem=742  (tile 38)   a=c381  b=4403  c=43cc  d=c405

<<< OUTPUT READY  | cyc=743 | $time=7440 | column 739 of 768
      lane=0  elem=739  (tile 35)   result=c684   expected=c684   OK

>>> INPUT  SENT   | cyc=744 | $time=7450 | column 743 of 768
      lane=0  elem=743  (tile 39)   a=4455  b=c16f  c=4461  d=c386

<<< OUTPUT READY  | cyc=744 | $time=7450 | column 740 of 768
      lane=0  elem=740  (tile 36)   result=493d   expected=493d   OK

>>> INPUT  SENT   | cyc=745 | $time=7460 | column 744 of 768
      lane=0  elem=744  (tile 40)   a=c32b  b=43eb  c=c3da  d=c435

<<< OUTPUT READY  | cyc=745 | $time=7460 | column 741 of 768
      lane=0  elem=741  (tile 37)   result=c94a   expected=c94a   OK

>>> INPUT  SENT   | cyc=746 | $time=7470 | column 745 of 768
      lane=0  elem=745  (tile 41)   a=4402  b=445e  c=c31f  d=4375

<<< OUTPUT READY  | cyc=746 | $time=7470 | column 742 of 768
      lane=0  elem=742  (tile 38)   result=c8ab   expected=c8ab   OK

>>> INPUT  SENT   | cyc=747 | $time=7480 | column 746 of 768
      lane=0  elem=746  (tile 42)   a=c46e  b=413e  c=438e  d=c401

<<< OUTPUT READY  | cyc=747 | $time=7480 | column 743 of 768
      lane=0  elem=743  (tile 39)   result=c877   expected=c877   OK

>>> INPUT  SENT   | cyc=748 | $time=7490 | column 747 of 768
      lane=0  elem=747  (tile 43)   a=c3a5  b=4475  c=4207  d=443a

<<< OUTPUT READY  | cyc=748 | $time=7490 | column 744 of 768
      lane=0  elem=744  (tile 40)   result=4866   expected=4866   OK

>>> INPUT  SENT   | cyc=749 | $time=7500 | column 748 of 768
      lane=0  elem=748  (tile 44)   a=c40d  b=c3e9  c=c3d0  d=43dd

<<< OUTPUT READY  | cyc=749 | $time=7500 | column 745 of 768
      lane=0  elem=745  (tile 41)   result=48ce   expected=48ce   OK

>>> INPUT  SENT   | cyc=750 | $time=7510 | column 749 of 768
      lane=0  elem=749  (tile 45)   a=4447  b=c478  c=c293  d=43a8

<<< OUTPUT READY  | cyc=750 | $time=7510 | column 746 of 768
      lane=0  elem=746  (tile 42)   result=c81a   expected=c81a   OK

>>> INPUT  SENT   | cyc=751 | $time=7520 | column 750 of 768
      lane=0  elem=750  (tile 46)   a=4444  b=c330  c=442e  d=4321

<<< OUTPUT READY  | cyc=751 | $time=7520 | column 747 of 768
      lane=0  elem=747  (tile 43)   result=c891   expected=c891   OK

>>> INPUT  SENT   | cyc=752 | $time=7530 | column 751 of 768
      lane=0  elem=751  (tile 47)   a=c3fe  b=441a  c=4320  d=c415

<<< OUTPUT READY  | cyc=752 | $time=7530 | column 748 of 768
      lane=0  elem=748  (tile 44)   result=479c   expected=479c   OK

>>> INPUT  SENT   | cyc=753 | $time=7540 | column 752 of 768
      lane=0  elem=752  (tile 48)   a=c41f  b=444c  c=c36c  d=c35d

<<< OUTPUT READY  | cyc=753 | $time=7540 | column 749 of 768
      lane=0  elem=749  (tile 45)   result=c946   expected=c946   OK

>>> INPUT  SENT   | cyc=754 | $time=7550 | column 753 of 768
      lane=0  elem=753  (tile 49)   a=42fa  b=c437  c=c2ec  d=444e

<<< OUTPUT READY  | cyc=754 | $time=7550 | column 750 of 768
      lane=0  elem=750  (tile 46)   result=c6c8   expected=c6c8   OK

>>> INPUT  SENT   | cyc=755 | $time=7560 | column 754 of 768
      lane=0  elem=754  (tile 50)   a=43ca  b=4383  c=43f8  d=4447

<<< OUTPUT READY  | cyc=755 | $time=7560 | column 751 of 768
      lane=0  elem=751  (tile 47)   result=c8c6   expected=c8c6   OK

>>> INPUT  SENT   | cyc=756 | $time=7570 | column 755 of 768
      lane=0  elem=755  (tile 51)   a=42b7  b=c41e  c=c41c  d=c381

<<< OUTPUT READY  | cyc=756 | $time=7570 | column 752 of 768
      lane=0  elem=752  (tile 48)   result=c8e4   expected=c8e4   OK

>>> INPUT  SENT   | cyc=757 | $time=7580 | column 756 of 768
      lane=0  elem=756  (tile 52)   a=4372  b=42ee  c=4399  d=4455

<<< OUTPUT READY  | cyc=757 | $time=7580 | column 753 of 768
      lane=0  elem=753  (tile 49)   result=c837   expected=c837   OK

>>> INPUT  SENT   | cyc=758 | $time=7590 | column 757 of 768
      lane=0  elem=757  (tile 53)   a=444e  b=42fd  c=4448  d=c32b

<<< OUTPUT READY  | cyc=758 | $time=7590 | column 754 of 768
      lane=0  elem=754  (tile 50)   result=48f3   expected=48f3   OK

>>> INPUT  SENT   | cyc=759 | $time=7600 | column 758 of 768
      lane=0  elem=758  (tile 54)   a=c3f0  b=442a  c=c425  d=4402

<<< OUTPUT READY  | cyc=759 | $time=7600 | column 755 of 768
      lane=0  elem=755  (tile 51)   result=47ca   expected=47ca   OK

>>> INPUT  SENT   | cyc=760 | $time=7610 | column 759 of 768
      lane=0  elem=759  (tile 55)   a=4403  b=43cc  c=c405  d=c46e

<<< OUTPUT READY  | cyc=760 | $time=7610 | column 756 of 768
      lane=0  elem=756  (tile 52)   result=488d   expected=488d   OK

>>> INPUT  SENT   | cyc=761 | $time=7620 | column 760 of 768
      lane=0  elem=760  (tile 56)   a=c16f  b=4461  c=c386  d=c3a5

<<< OUTPUT READY  | cyc=761 | $time=7620 | column 757 of 768
      lane=0  elem=757  (tile 53)   result=c700   expected=c700   OK

>>> INPUT  SENT   | cyc=762 | $time=7630 | column 761 of 768
      lane=0  elem=761  (tile 57)   a=43eb  b=c3da  c=c435  d=c40d

<<< OUTPUT READY  | cyc=762 | $time=7630 | column 758 of 768
      lane=0  elem=758  (tile 54)   result=c923   expected=c923   OK

>>> INPUT  SENT   | cyc=763 | $time=7640 | column 762 of 768
      lane=0  elem=762  (tile 58)   a=445e  b=c31f  c=4375  d=4447

<<< OUTPUT READY  | cyc=763 | $time=7640 | column 759 of 768
      lane=0  elem=759  (tile 55)   result=492f   expected=492f   OK

>>> INPUT  SENT   | cyc=764 | $time=7650 | column 763 of 768
      lane=0  elem=763  (tile 59)   a=413e  b=438e  c=c401  d=4444

<<< OUTPUT READY  | cyc=764 | $time=7650 | column 760 of 768
      lane=0  elem=760  (tile 56)   result=4792   expected=4792   OK

>>> INPUT  SENT   | cyc=765 | $time=7660 | column 764 of 768
      lane=0  elem=764  (tile 60)   a=4475  b=4207  c=443a  d=c3fe

<<< OUTPUT READY  | cyc=765 | $time=7660 | column 761 of 768
      lane=0  elem=761  (tile 57)   result=4846   expected=4846   OK

>>> INPUT  SENT   | cyc=766 | $time=7670 | column 765 of 768
      lane=0  elem=765  (tile 61)   a=c3e9  b=c3d0  c=43dd  d=c41f

<<< OUTPUT READY  | cyc=766 | $time=7670 | column 762 of 768
      lane=0  elem=762  (tile 58)   result=4754   expected=4754   OK

>>> INPUT  SENT   | cyc=767 | $time=7680 | column 766 of 768
      lane=0  elem=766  (tile 62)   a=c478  b=c293  c=43a8  d=42fa

<<< OUTPUT READY  | cyc=767 | $time=7680 | column 763 of 768
      lane=0  elem=763  (tile 59)   result=c8c4   expected=c8c4   OK

>>> INPUT  SENT   | cyc=768 | $time=7690 | column 767 of 768
      lane=0  elem=767  (tile 63)   a=c330  b=442e  c=4321  d=43ca

<<< OUTPUT READY  | cyc=768 | $time=7690 | column 764 of 768
      lane=0  elem=764  (tile 60)   result=c8a8   expected=c8a8   OK

<<< OUTPUT READY  | cyc=769 | $time=7700 | column 765 of 768
      lane=0  elem=765  (tile 61)   result=c7ac   expected=c7ac   OK

<<< OUTPUT READY  | cyc=770 | $time=7710 | column 766 of 768
      lane=0  elem=766  (tile 62)   result=47e0   expected=47e0   OK

<<< OUTPUT READY  | cyc=771 | $time=7720 | column 767 of 768
      lane=0  elem=767  (tile 63)   result=c760   expected=c760   OK
+---------------------------------------------------------------
| SPOT CHECK  elem=767  (tile idx 63)   col=767  lane=0  cyc=771
|    a = c330     b = 442e
|    c = 4321     d = 43ca
|    a*b       = c7ef
|    c*d       = 477e
|    a*b + c*d = c760   <- reference
|    DUT result= c760   OK
+---------------------------------------------------------------
r1_n64  | r=1 n=64 | cols=768 | cycles=772 (expected 772) MATCH   | first_out=4 | checked=768 errors=0 PASS
